Hospital,Vendor,Product,Price,Contract_Price,Price_Variance,Savings_Opportunity,Contract_Compliance
Hospital_Z,Vendor_A,Masks,2.62,1.76,0.8600000000000001,0.8600000000000001,False
Hospital_Z,Vendor_C,Syringes,8.41,9.6,-1.1899999999999995,0.0,True
Hospital_Y,Vendor_C,Masks,1.68,1.83,-0.15000000000000013,0.0,True
Hospital_X,Vendor_A,Syringes,10.13,8.57,1.5600000000000005,1.5600000000000005,False
Hospital_X,Vendor_A,Masks,2.33,1.64,0.6900000000000002,0.6900000000000002,False
Hospital_Y,Vendor_C,Masks,1.73,1.77,-0.040000000000000036,0.0,True
Hospital_X,Vendor_C,Masks,1.67,1.76,-0.09000000000000008,0.0,True
Hospital_Z,Vendor_A,Bandages,2.43,2.95,-0.52,0.0,True
Hospital_X,Vendor_B,Syringes,8.11,7.69,0.41999999999999904,0.41999999999999904,False
Hospital_Z,Vendor_C,Masks,2.45,1.9,0.5500000000000003,0.5500000000000003,False
Hospital_X,Vendor_B,IV Kits,49.06,44.94,4.1200000000000045,4.1200000000000045,False
Hospital_Y,Vendor_B,Syringes,9.46,8.7,0.7600000000000016,0.7600000000000016,False
Hospital_Y,Vendor_C,Bandages,4.03,2.95,1.08,1.08,False
Hospital_Z,Vendor_B,Masks,2.89,1.45,1.4400000000000002,1.4400000000000002,False
Hospital_Y,Vendor_A,Masks,2.06,1.63,0.43000000000000016,0.43000000000000016,False
Hospital_X,Vendor_C,Syringes,12.11,9.9,2.209999999999999,2.209999999999999,False
Hospital_X,Vendor_A,Masks,2.01,1.5,0.5099999999999998,0.5099999999999998,False
Hospital_X,Vendor_C,Gloves,6.7,3.8,2.9000000000000004,2.9000000000000004,False
Hospital_X,Vendor_C,IV Kits,64.9,46.85,18.050000000000004,18.050000000000004,False
Hospital_Y,Vendor_A,IV Kits,52.55,36.74,15.809999999999995,15.809999999999995,False
Hospital_X,Vendor_B,Gloves,4.22,3.97,0.24999999999999956,0.24999999999999956,False
Hospital_Y,Vendor_C,Bandages,4.26,2.52,1.7399999999999998,1.7399999999999998,False
Hospital_Y,Vendor_C,Bandages,4.18,2.75,1.4299999999999997,1.4299999999999997,False
Hospital_Z,Vendor_A,IV Kits,54.96,35.38,19.58,19.58,False
Hospital_Z,Vendor_C,Bandages,4.28,2.53,1.7500000000000004,1.7500000000000004,False
Hospital_X,Vendor_B,Bandages,2.92,2.47,0.44999999999999973,0.44999999999999973,False
Hospital_X,Vendor_A,IV Kits,42.69,39.35,3.3399999999999963,3.3399999999999963,False
Hospital_Y,Vendor_B,Masks,2.73,1.78,0.95,0.95,False
Hospital_Y,Vendor_B,Masks,2.36,1.88,0.48,0.48,False
Hospital_Z,Vendor_A,Masks,2.87,1.56,1.31,1.31,False
Hospital_X,Vendor_B,IV Kits,68.63,47.91,20.72,20.72,False
Hospital_Y,Vendor_A,IV Kits,47.77,36.8,10.970000000000006,10.970000000000006,False
Hospital_Z,Vendor_C,Masks,2.05,1.71,0.33999999999999986,0.33999999999999986,False
Hospital_Y,Vendor_A,Gloves,7.4,4.94,2.46,2.46,False
Hospital_X,Vendor_C,Syringes,9.04,9.99,-0.9500000000000011,0.0,True
Hospital_Y,Vendor_A,IV Kits,57.59,35.77,21.82,21.82,False
Hospital_X,Vendor_A,Bandages,2.9,2.23,0.6699999999999999,0.6699999999999999,False
Hospital_Y,Vendor_B,Masks,1.94,1.8,0.1399999999999999,0.1399999999999999,False
Hospital_X,Vendor_C,IV Kits,65.49,40.52,24.96999999999999,24.96999999999999,False
Hospital_Y,Vendor_B,Masks,2.16,1.89,0.27000000000000024,0.27000000000000024,False
Hospital_Z,Vendor_A,Gloves,4.65,3.56,1.0900000000000003,1.0900000000000003,False
Hospital_Z,Vendor_C,Masks,2.6,1.89,0.7100000000000002,0.7100000000000002,False
Hospital_X,Vendor_C,Masks,2.57,1.63,0.94,0.94,False
Hospital_Z,Vendor_A,Syringes,10.39,7.34,3.0500000000000007,3.0500000000000007,False
Hospital_Z,Vendor_C,Syringes,12.62,9.45,3.17,3.17,False
Hospital_Y,Vendor_A,Gloves,7.49,4.95,2.54,2.54,False
Hospital_Z,Vendor_A,Bandages,2.8,2.35,0.44999999999999973,0.44999999999999973,False
Hospital_Y,Vendor_C,IV Kits,67.3,44.63,22.669999999999995,22.669999999999995,False
Hospital_Y,Vendor_A,IV Kits,63.41,43.71,19.699999999999996,19.699999999999996,False
Hospital_X,Vendor_C,Gloves,4.02,3.74,0.27999999999999936,0.27999999999999936,False
Hospital_Y,Vendor_B,Syringes,11.14,9.98,1.1600000000000001,1.1600000000000001,False
Hospital_X,Vendor_A,Masks,2.29,1.51,0.78,0.78,False
Hospital_X,Vendor_A,IV Kits,58.99,42.63,16.36,16.36,False
Hospital_Y,Vendor_C,Bandages,4.3,2.49,1.8099999999999996,1.8099999999999996,False
Hospital_X,Vendor_B,Bandages,3.61,2.54,1.0699999999999998,1.0699999999999998,False
Hospital_Z,Vendor_A,Bandages,3.6,2.79,0.81,0.81,False
Hospital_X,Vendor_B,Gloves,4.98,4.83,0.15000000000000036,0.15000000000000036,False
Hospital_X,Vendor_A,Masks,2.9,1.66,1.24,1.24,False
Hospital_Z,Vendor_C,Bandages,4.46,2.17,2.29,2.29,False
Hospital_Z,Vendor_A,Bandages,2.96,2.54,0.41999999999999993,0.41999999999999993,False
Hospital_Y,Vendor_A,Syringes,14.55,9.09,5.460000000000001,5.460000000000001,False
Hospital_Y,Vendor_C,Syringes,10.51,7.76,2.75,2.75,False
Hospital_Y,Vendor_B,Syringes,13.19,9.09,4.1,4.1,False
Hospital_Z,Vendor_B,IV Kits,50.28,47.14,3.1400000000000006,3.1400000000000006,False
Hospital_X,Vendor_B,IV Kits,61.4,36.22,25.18,25.18,False
Hospital_X,Vendor_A,Gloves,4.25,4.1,0.15000000000000036,0.15000000000000036,False
Hospital_Z,Vendor_C,Masks,1.64,1.75,-0.1100000000000001,0.0,True
Hospital_Y,Vendor_A,IV Kits,58.99,39.3,19.690000000000005,19.690000000000005,False
Hospital_Y,Vendor_B,Syringes,9.75,7.12,2.63,2.63,False
Hospital_X,Vendor_A,IV Kits,68.98,39.07,29.910000000000004,29.910000000000004,False
Hospital_Z,Vendor_A,Masks,1.72,1.43,0.29000000000000004,0.29000000000000004,False
Hospital_Z,Vendor_B,Masks,2.58,1.48,1.1,1.1,False
Hospital_Y,Vendor_B,Bandages,3.08,2.82,0.26000000000000023,0.26000000000000023,False
Hospital_Z,Vendor_B,IV Kits,48.78,37.77,11.009999999999998,11.009999999999998,False
Hospital_X,Vendor_A,Gloves,4.61,3.73,0.8800000000000003,0.8800000000000003,False
Hospital_Y,Vendor_B,Syringes,13.0,8.98,4.02,4.02,False
Hospital_X,Vendor_A,Bandages,3.95,2.6,1.35,1.35,False
Hospital_Z,Vendor_C,Bandages,2.92,2.42,0.5,0.5,False
Hospital_X,Vendor_B,Bandages,3.12,2.18,0.94,0.94,False
Hospital_Y,Vendor_B,Gloves,7.43,3.76,3.67,3.67,False
Hospital_X,Vendor_B,Syringes,11.31,7.52,3.790000000000001,3.790000000000001,False
Hospital_Y,Vendor_C,Bandages,3.69,2.67,1.02,1.02,False
Hospital_Y,Vendor_C,Syringes,12.38,8.51,3.870000000000001,3.870000000000001,False
Hospital_X,Vendor_A,Gloves,4.57,3.61,0.9600000000000004,0.9600000000000004,False
Hospital_Z,Vendor_A,Syringes,13.61,9.03,4.58,4.58,False
Hospital_X,Vendor_A,IV Kits,68.39,47.31,21.08,21.08,False
Hospital_X,Vendor_C,Masks,2.95,1.94,1.0100000000000002,1.0100000000000002,False
Hospital_X,Vendor_A,Masks,1.9,1.63,0.27,0.27,False
Hospital_Y,Vendor_C,Bandages,3.83,2.16,1.67,1.67,False
Hospital_Y,Vendor_B,Bandages,2.45,2.83,-0.3799999999999999,0.0,True
Hospital_Y,Vendor_C,Gloves,6.44,4.44,2.0,2.0,False
Hospital_X,Vendor_A,Bandages,4.43,2.59,1.8399999999999999,1.8399999999999999,False
Hospital_Z,Vendor_A,Bandages,4.48,2.47,2.0100000000000002,2.0100000000000002,False
Hospital_Z,Vendor_A,Syringes,12.06,9.6,2.460000000000001,2.460000000000001,False
Hospital_Z,Vendor_A,Bandages,3.98,2.78,1.2000000000000002,1.2000000000000002,False
Hospital_X,Vendor_B,Gloves,5.87,4.24,1.63,1.63,False
Hospital_X,Vendor_B,Gloves,7.13,4.08,3.05,3.05,False
Hospital_X,Vendor_A,Masks,2.79,1.61,1.18,1.18,False
Hospital_Z,Vendor_B,Masks,2.93,1.74,1.1900000000000002,1.1900000000000002,False
Hospital_Z,Vendor_A,Bandages,3.67,2.6,1.0699999999999998,1.0699999999999998,False
Hospital_Z,Vendor_A,Bandages,4.04,2.2,1.8399999999999999,1.8399999999999999,False
Hospital_Y,Vendor_B,Bandages,2.52,2.59,-0.06999999999999984,0.0,True
Hospital_Z,Vendor_C,Bandages,3.55,2.74,0.8099999999999996,0.8099999999999996,False
Hospital_Y,Vendor_A,Masks,2.77,1.92,0.8500000000000001,0.8500000000000001,False
Hospital_X,Vendor_B,Bandages,4.13,2.74,1.3899999999999997,1.3899999999999997,False
Hospital_X,Vendor_A,Bandages,2.89,2.62,0.27,0.27,False
Hospital_Y,Vendor_A,Bandages,4.11,2.95,1.1600000000000001,1.1600000000000001,False
Hospital_Y,Vendor_A,Gloves,6.48,4.22,2.2600000000000007,2.2600000000000007,False
Hospital_Z,Vendor_B,Masks,2.19,1.94,0.25,0.25,False
Hospital_X,Vendor_A,IV Kits,54.18,43.57,10.61,10.61,False
Hospital_Z,Vendor_A,Masks,2.51,1.85,0.6599999999999997,0.6599999999999997,False
Hospital_X,Vendor_B,Bandages,3.19,2.36,0.8300000000000001,0.8300000000000001,False
Hospital_X,Vendor_B,Gloves,7.37,3.52,3.85,3.85,False
Hospital_Z,Vendor_A,Bandages,4.27,2.57,1.6999999999999997,1.6999999999999997,False
Hospital_Z,Vendor_A,IV Kits,64.34,36.13,28.21,28.21,False
Hospital_Y,Vendor_A,Gloves,5.03,4.99,0.040000000000000036,0.040000000000000036,False
Hospital_X,Vendor_C,IV Kits,72.03,49.38,22.65,22.65,False
Hospital_Y,Vendor_A,Masks,1.86,1.68,0.18000000000000016,0.18000000000000016,False
Hospital_X,Vendor_B,Syringes,14.82,9.96,4.859999999999999,4.859999999999999,False
Hospital_X,Vendor_A,Gloves,5.44,4.4,1.04,1.04,False
Hospital_Y,Vendor_A,Bandages,2.56,2.95,-0.3900000000000001,0.0,True
Hospital_Z,Vendor_A,IV Kits,72.17,36.24,35.93,35.93,False
Hospital_X,Vendor_C,Syringes,9.15,8.23,0.9199999999999999,0.9199999999999999,False
Hospital_Z,Vendor_B,Gloves,4.53,4.39,0.14000000000000057,0.14000000000000057,False
Hospital_Z,Vendor_B,Gloves,6.95,4.76,2.1900000000000004,2.1900000000000004,False
Hospital_Z,Vendor_A,Syringes,8.94,7.04,1.8999999999999995,1.8999999999999995,False
Hospital_X,Vendor_A,Masks,3.0,2.0,1.0,1.0,False
Hospital_X,Vendor_C,Bandages,3.92,2.78,1.1400000000000001,1.1400000000000001,False
Hospital_X,Vendor_A,IV Kits,55.77,36.94,18.830000000000005,18.830000000000005,False
Hospital_X,Vendor_A,IV Kits,47.25,48.17,-0.9200000000000017,0.0,True
Hospital_Z,Vendor_C,Syringes,12.7,8.56,4.139999999999999,4.139999999999999,False
Hospital_Y,Vendor_C,IV Kits,69.83,43.28,26.549999999999997,26.549999999999997,False
Hospital_Y,Vendor_B,Bandages,4.06,2.63,1.4299999999999997,1.4299999999999997,False
Hospital_Y,Vendor_A,Bandages,3.88,2.29,1.5899999999999999,1.5899999999999999,False
Hospital_Y,Vendor_B,Masks,2.45,1.78,0.6700000000000002,0.6700000000000002,False
Hospital_Z,Vendor_C,IV Kits,65.42,43.21,22.21,22.21,False
Hospital_Y,Vendor_C,Gloves,6.18,4.79,1.3899999999999997,1.3899999999999997,False
Hospital_Y,Vendor_A,Bandages,4.35,2.54,1.8099999999999996,1.8099999999999996,False
Hospital_Y,Vendor_A,Masks,2.47,1.61,0.8600000000000001,0.8600000000000001,False
Hospital_Z,Vendor_C,IV Kits,42.66,36.93,5.729999999999997,5.729999999999997,False
Hospital_X,Vendor_B,IV Kits,71.39,42.11,29.28,29.28,False
Hospital_X,Vendor_B,Bandages,2.8,2.14,0.6599999999999997,0.6599999999999997,False
Hospital_Y,Vendor_B,Bandages,2.77,2.18,0.5899999999999999,0.5899999999999999,False
Hospital_X,Vendor_A,Gloves,5.25,4.84,0.41000000000000014,0.41000000000000014,False
Hospital_Y,Vendor_B,Gloves,6.42,3.56,2.86,2.86,False
Hospital_X,Vendor_C,Gloves,6.41,4.27,2.1400000000000006,2.1400000000000006,False
Hospital_X,Vendor_C,IV Kits,40.09,48.02,-7.93,0.0,True
Hospital_X,Vendor_C,Gloves,7.45,4.3,3.1500000000000004,3.1500000000000004,False
Hospital_Y,Vendor_C,Syringes,11.24,9.24,2.0,2.0,False
Hospital_Z,Vendor_C,IV Kits,64.05,47.67,16.379999999999995,16.379999999999995,False
Hospital_X,Vendor_C,IV Kits,70.35,40.31,30.039999999999992,30.039999999999992,False
Hospital_X,Vendor_C,IV Kits,65.81,37.73,28.080000000000005,28.080000000000005,False
Hospital_Z,Vendor_A,Gloves,4.31,4.3,0.009999999999999787,0.009999999999999787,False
Hospital_X,Vendor_A,Gloves,6.08,4.52,1.5600000000000005,1.5600000000000005,False
Hospital_X,Vendor_A,IV Kits,56.79,43.76,13.030000000000001,13.030000000000001,False
Hospital_X,Vendor_C,Syringes,11.95,8.14,3.8099999999999987,3.8099999999999987,False
Hospital_Y,Vendor_B,Bandages,3.68,2.32,1.3600000000000003,1.3600000000000003,False
Hospital_Y,Vendor_A,IV Kits,61.2,38.56,22.64,22.64,False
Hospital_Y,Vendor_B,Bandages,2.92,2.24,0.6799999999999997,0.6799999999999997,False
Hospital_Y,Vendor_B,IV Kits,68.21,35.83,32.379999999999995,32.379999999999995,False
Hospital_Z,Vendor_C,Gloves,5.84,4.12,1.7199999999999998,1.7199999999999998,False
Hospital_Y,Vendor_C,Masks,2.16,1.98,0.18000000000000016,0.18000000000000016,False
Hospital_Y,Vendor_C,Masks,2.97,1.69,1.2800000000000002,1.2800000000000002,False
Hospital_X,Vendor_B,IV Kits,65.15,43.03,22.120000000000005,22.120000000000005,False
Hospital_X,Vendor_C,Syringes,13.39,7.56,5.830000000000001,5.830000000000001,False
Hospital_X,Vendor_C,Masks,2.63,1.72,0.9099999999999999,0.9099999999999999,False
Hospital_Y,Vendor_B,Gloves,5.01,4.37,0.6399999999999997,0.6399999999999997,False
Hospital_X,Vendor_C,IV Kits,58.64,35.78,22.86,22.86,False
Hospital_X,Vendor_B,Syringes,8.44,9.97,-1.5300000000000011,0.0,True
Hospital_X,Vendor_B,Bandages,2.69,2.1,0.5899999999999999,0.5899999999999999,False
Hospital_Z,Vendor_C,Gloves,5.65,4.12,1.5300000000000002,1.5300000000000002,False
Hospital_Y,Vendor_A,Gloves,6.61,4.11,2.5,2.5,False
Hospital_X,Vendor_C,Bandages,2.83,2.44,0.3900000000000001,0.3900000000000001,False
Hospital_X,Vendor_B,Gloves,4.49,4.69,-0.20000000000000018,0.0,True
Hospital_Z,Vendor_B,Masks,1.83,1.89,-0.05999999999999983,0.0,True
Hospital_Y,Vendor_B,IV Kits,71.78,39.74,32.04,32.04,False
Hospital_Y,Vendor_A,Syringes,13.72,8.32,5.4,5.4,False
Hospital_Y,Vendor_A,IV Kits,58.89,41.58,17.310000000000002,17.310000000000002,False
Hospital_X,Vendor_A,Gloves,7.15,4.08,3.0700000000000003,3.0700000000000003,False
Hospital_Z,Vendor_C,Bandages,2.65,2.95,-0.30000000000000027,0.0,True
Hospital_Z,Vendor_B,IV Kits,70.75,42.43,28.32,28.32,False
Hospital_Y,Vendor_A,IV Kits,66.33,45.6,20.729999999999997,20.729999999999997,False
Hospital_X,Vendor_C,IV Kits,41.17,43.55,-2.3799999999999955,0.0,True
Hospital_Z,Vendor_A,Syringes,13.28,7.31,5.97,5.97,False
Hospital_Z,Vendor_C,Bandages,4.18,2.21,1.9699999999999998,1.9699999999999998,False
Hospital_X,Vendor_A,Bandages,2.88,2.75,0.1299999999999999,0.1299999999999999,False
Hospital_Z,Vendor_C,Syringes,12.19,8.7,3.49,3.49,False
Hospital_Z,Vendor_C,Syringes,10.42,7.54,2.88,2.88,False
Hospital_Y,Vendor_B,Syringes,10.81,8.39,2.42,2.42,False
Hospital_X,Vendor_B,IV Kits,44.87,36.51,8.36,8.36,False
Hospital_Z,Vendor_C,Gloves,7.26,4.35,2.91,2.91,False
Hospital_X,Vendor_A,Masks,2.59,1.49,1.0999999999999999,1.0999999999999999,False
Hospital_Y,Vendor_C,Masks,1.7,1.45,0.25,0.25,False
Hospital_Z,Vendor_B,Gloves,5.58,3.67,1.9100000000000001,1.9100000000000001,False
Hospital_Y,Vendor_B,Bandages,2.79,2.85,-0.06000000000000005,0.0,True
Hospital_Y,Vendor_C,Gloves,5.82,4.39,1.4300000000000006,1.4300000000000006,False
Hospital_X,Vendor_C,Bandages,3.96,2.29,1.67,1.67,False
Hospital_Y,Vendor_A,Gloves,5.17,4.1,1.0700000000000003,1.0700000000000003,False
Hospital_Z,Vendor_B,Gloves,7.23,4.2,3.0300000000000002,3.0300000000000002,False
Hospital_Z,Vendor_B,IV Kits,55.83,38.37,17.46,17.46,False
Hospital_Z,Vendor_C,Masks,1.95,1.75,0.19999999999999996,0.19999999999999996,False
Hospital_X,Vendor_B,Masks,2.88,1.62,1.2599999999999998,1.2599999999999998,False
Hospital_Y,Vendor_B,IV Kits,40.46,44.95,-4.490000000000002,0.0,True
Hospital_X,Vendor_A,Gloves,5.95,4.79,1.1600000000000001,1.1600000000000001,False
Hospital_Z,Vendor_A,Bandages,3.65,2.16,1.4899999999999998,1.4899999999999998,False
Hospital_Z,Vendor_C,IV Kits,52.23,42.02,10.209999999999994,10.209999999999994,False
Hospital_X,Vendor_A,Gloves,5.65,4.35,1.3000000000000007,1.3000000000000007,False
Hospital_Y,Vendor_A,Syringes,13.0,8.58,4.42,4.42,False
Hospital_Y,Vendor_A,Masks,2.3,1.86,0.4399999999999997,0.4399999999999997,False
Hospital_X,Vendor_A,Masks,1.71,1.85,-0.14000000000000012,0.0,True
Hospital_Z,Vendor_B,Syringes,12.51,8.23,4.279999999999999,4.279999999999999,False
Hospital_Z,Vendor_B,Masks,2.52,1.42,1.1,1.1,False
Hospital_Z,Vendor_C,IV Kits,57.69,43.93,13.759999999999998,13.759999999999998,False
Hospital_X,Vendor_C,Gloves,4.62,4.48,0.13999999999999968,0.13999999999999968,False
Hospital_Y,Vendor_C,Syringes,12.22,9.42,2.8000000000000007,2.8000000000000007,False
Hospital_Y,Vendor_A,Masks,1.89,1.58,0.30999999999999983,0.30999999999999983,False
Hospital_Y,Vendor_C,Syringes,8.6,7.62,0.9799999999999995,0.9799999999999995,False
Hospital_Z,Vendor_A,IV Kits,60.41,41.32,19.089999999999996,19.089999999999996,False
Hospital_Z,Vendor_A,Syringes,12.37,8.01,4.359999999999999,4.359999999999999,False
Hospital_Z,Vendor_C,Syringes,8.24,9.49,-1.25,0.0,True
Hospital_Y,Vendor_B,Bandages,3.16,2.87,0.29000000000000004,0.29000000000000004,False
Hospital_Y,Vendor_B,IV Kits,67.29,36.71,30.580000000000005,30.580000000000005,False
Hospital_Z,Vendor_B,IV Kits,67.99,41.38,26.609999999999992,26.609999999999992,False
Hospital_Y,Vendor_A,IV Kits,65.96,45.48,20.479999999999997,20.479999999999997,False
Hospital_X,Vendor_C,Gloves,4.49,4.75,-0.2599999999999998,0.0,True
Hospital_Y,Vendor_B,Masks,2.86,1.81,1.0499999999999998,1.0499999999999998,False
Hospital_Y,Vendor_C,Bandages,4.32,2.21,2.1100000000000003,2.1100000000000003,False
Hospital_Y,Vendor_A,Masks,1.69,1.64,0.050000000000000044,0.050000000000000044,False
Hospital_X,Vendor_C,Syringes,8.08,7.41,0.6699999999999999,0.6699999999999999,False
Hospital_Y,Vendor_C,Gloves,6.56,3.88,2.6799999999999997,2.6799999999999997,False
Hospital_X,Vendor_A,Bandages,2.77,2.92,-0.1499999999999999,0.0,True
Hospital_Y,Vendor_A,Syringes,11.63,7.14,4.490000000000001,4.490000000000001,False
Hospital_Z,Vendor_B,Masks,1.86,1.45,0.41000000000000014,0.41000000000000014,False
Hospital_X,Vendor_B,IV Kits,53.63,39.33,14.300000000000004,14.300000000000004,False
Hospital_Z,Vendor_A,Masks,2.02,1.74,0.28,0.28,False
Hospital_Z,Vendor_C,Syringes,14.68,7.41,7.27,7.27,False
Hospital_Z,Vendor_B,Gloves,4.92,4.39,0.5300000000000002,0.5300000000000002,False
Hospital_Y,Vendor_A,IV Kits,73.43,37.32,36.11000000000001,36.11000000000001,False
Hospital_Y,Vendor_B,Gloves,4.37,3.61,0.7600000000000002,0.7600000000000002,False
Hospital_X,Vendor_A,Gloves,6.47,4.4,2.0699999999999994,2.0699999999999994,False
Hospital_Z,Vendor_C,Gloves,6.87,4.7,2.17,2.17,False
Hospital_Y,Vendor_C,Masks,1.61,1.46,0.15000000000000013,0.15000000000000013,False
Hospital_Z,Vendor_C,Bandages,4.42,2.81,1.6099999999999999,1.6099999999999999,False
Hospital_X,Vendor_C,Gloves,4.65,4.31,0.34000000000000075,0.34000000000000075,False
Hospital_X,Vendor_C,IV Kits,66.57,45.86,20.709999999999994,20.709999999999994,False
Hospital_X,Vendor_B,Gloves,6.26,4.54,1.7199999999999998,1.7199999999999998,False
Hospital_Y,Vendor_A,Gloves,4.14,4.56,-0.41999999999999993,0.0,True
Hospital_Y,Vendor_C,Gloves,5.99,4.87,1.12,1.12,False
Hospital_X,Vendor_C,Bandages,2.8,2.2,0.5999999999999996,0.5999999999999996,False
Hospital_X,Vendor_C,IV Kits,56.6,47.93,8.670000000000002,8.670000000000002,False
Hospital_Z,Vendor_B,IV Kits,69.01,35.56,33.45,33.45,False
Hospital_Y,Vendor_A,IV Kits,70.97,42.95,28.019999999999996,28.019999999999996,False
Hospital_Z,Vendor_C,Syringes,8.46,7.95,0.5100000000000007,0.5100000000000007,False
Hospital_Y,Vendor_A,Gloves,5.12,4.44,0.6799999999999997,0.6799999999999997,False
Hospital_Y,Vendor_B,Bandages,3.28,2.52,0.7599999999999998,0.7599999999999998,False
Hospital_Z,Vendor_B,Syringes,14.12,8.59,5.529999999999999,5.529999999999999,False
Hospital_Z,Vendor_C,IV Kits,40.33,35.79,4.539999999999999,4.539999999999999,False
Hospital_Y,Vendor_A,Gloves,5.68,4.44,1.2399999999999993,1.2399999999999993,False
Hospital_X,Vendor_C,Masks,2.68,1.65,1.0300000000000002,1.0300000000000002,False
Hospital_X,Vendor_A,Masks,1.93,1.47,0.45999999999999996,0.45999999999999996,False
Hospital_Y,Vendor_B,Syringes,12.12,7.83,4.289999999999999,4.289999999999999,False
Hospital_Z,Vendor_B,Bandages,3.3,2.45,0.8499999999999996,0.8499999999999996,False
Hospital_Y,Vendor_C,Masks,2.72,1.56,1.1600000000000001,1.1600000000000001,False
Hospital_Z,Vendor_B,Masks,2.83,1.97,0.8600000000000001,0.8600000000000001,False
Hospital_X,Vendor_B,IV Kits,74.62,46.15,28.470000000000006,28.470000000000006,False
Hospital_X,Vendor_C,Masks,2.51,1.76,0.7499999999999998,0.7499999999999998,False
Hospital_Y,Vendor_B,Bandages,2.5,2.45,0.04999999999999982,0.04999999999999982,False
Hospital_Y,Vendor_A,Gloves,6.73,4.03,2.7,2.7,False
Hospital_Z,Vendor_B,Bandages,2.85,2.57,0.28000000000000025,0.28000000000000025,False
Hospital_X,Vendor_B,Masks,1.84,1.64,0.20000000000000018,0.20000000000000018,False
Hospital_Y,Vendor_B,Syringes,14.97,9.69,5.280000000000001,5.280000000000001,False
Hospital_X,Vendor_B,IV Kits,47.83,43.05,4.780000000000001,4.780000000000001,False
Hospital_X,Vendor_B,Gloves,4.32,4.82,-0.5,0.0,True
Hospital_X,Vendor_C,IV Kits,71.11,49.33,21.78,21.78,False
Hospital_X,Vendor_B,Masks,2.06,1.96,0.10000000000000009,0.10000000000000009,False
Hospital_Y,Vendor_C,IV Kits,54.3,40.59,13.709999999999994,13.709999999999994,False
Hospital_Y,Vendor_A,IV Kits,58.64,49.43,9.21,9.21,False
Hospital_X,Vendor_A,Bandages,4.19,2.55,1.6400000000000006,1.6400000000000006,False
Hospital_Y,Vendor_C,Bandages,3.6,2.7,0.8999999999999999,0.8999999999999999,False
Hospital_X,Vendor_A,IV Kits,65.69,42.82,22.869999999999997,22.869999999999997,False
Hospital_Z,Vendor_A,Masks,2.81,1.83,0.98,0.98,False
Hospital_X,Vendor_A,IV Kits,72.55,36.59,35.959999999999994,35.959999999999994,False
Hospital_Z,Vendor_B,IV Kits,70.86,49.42,21.439999999999998,21.439999999999998,False
Hospital_Z,Vendor_C,Gloves,6.89,3.69,3.1999999999999997,3.1999999999999997,False
Hospital_Y,Vendor_A,IV Kits,71.8,35.02,36.779999999999994,36.779999999999994,False
Hospital_X,Vendor_B,Syringes,11.55,7.02,4.530000000000001,4.530000000000001,False
Hospital_Z,Vendor_B,Bandages,4.46,2.67,1.79,1.79,False
Hospital_Z,Vendor_A,Syringes,8.9,7.85,1.0500000000000007,1.0500000000000007,False
Hospital_Y,Vendor_A,Syringes,10.39,8.9,1.4900000000000002,1.4900000000000002,False
Hospital_Y,Vendor_A,Bandages,4.37,2.72,1.65,1.65,False
Hospital_X,Vendor_C,Syringes,13.4,9.13,4.27,4.27,False
Hospital_Y,Vendor_B,Gloves,4.26,4.78,-0.5200000000000005,0.0,True
Hospital_Z,Vendor_C,Bandages,3.65,2.45,1.1999999999999997,1.1999999999999997,False
Hospital_X,Vendor_C,Bandages,3.08,2.54,0.54,0.54,False
Hospital_Y,Vendor_C,IV Kits,40.04,37.38,2.6599999999999966,2.6599999999999966,False
Hospital_X,Vendor_A,Syringes,8.72,9.56,-0.8399999999999999,0.0,True
Hospital_Z,Vendor_A,Bandages,2.86,2.17,0.69,0.69,False
Hospital_Z,Vendor_B,Masks,1.98,1.97,0.010000000000000009,0.010000000000000009,False
Hospital_X,Vendor_A,Masks,2.87,1.91,0.9600000000000002,0.9600000000000002,False
Hospital_Z,Vendor_B,Masks,1.98,1.99,-0.010000000000000009,0.0,True
Hospital_Y,Vendor_B,Gloves,4.8,3.82,0.98,0.98,False
Hospital_Y,Vendor_A,Gloves,7.03,4.21,2.8200000000000003,2.8200000000000003,False
Hospital_X,Vendor_B,Masks,2.82,1.87,0.9499999999999997,0.9499999999999997,False
Hospital_Y,Vendor_B,IV Kits,66.64,44.39,22.25,22.25,False
Hospital_Y,Vendor_A,Masks,2.46,1.88,0.5800000000000001,0.5800000000000001,False
Hospital_Y,Vendor_B,Gloves,6.09,4.41,1.6799999999999997,1.6799999999999997,False
Hospital_Y,Vendor_A,Masks,1.92,1.5,0.41999999999999993,0.41999999999999993,False
Hospital_Y,Vendor_A,Bandages,4.07,2.38,1.6900000000000004,1.6900000000000004,False
Hospital_X,Vendor_A,Bandages,2.55,2.45,0.09999999999999964,0.09999999999999964,False
Hospital_X,Vendor_A,IV Kits,70.1,46.7,23.39999999999999,23.39999999999999,False
Hospital_Z,Vendor_B,IV Kits,43.67,38.63,5.039999999999999,5.039999999999999,False
Hospital_Z,Vendor_B,Gloves,5.75,4.43,1.3200000000000003,1.3200000000000003,False
Hospital_Y,Vendor_A,Masks,2.69,1.96,0.73,0.73,False
Hospital_X,Vendor_B,Gloves,4.31,4.03,0.27999999999999936,0.27999999999999936,False
Hospital_Y,Vendor_A,Gloves,5.39,3.7,1.6899999999999995,1.6899999999999995,False
Hospital_Y,Vendor_B,Syringes,13.6,7.6,6.0,6.0,False
Hospital_Z,Vendor_A,Masks,1.77,1.94,-0.16999999999999993,0.0,True
Hospital_X,Vendor_B,Gloves,4.18,4.31,-0.1299999999999999,0.0,True
Hospital_Y,Vendor_B,Syringes,13.48,8.84,4.640000000000001,4.640000000000001,False
Hospital_Y,Vendor_B,IV Kits,67.43,42.21,25.220000000000006,25.220000000000006,False
Hospital_Y,Vendor_B,Gloves,4.29,3.59,0.7000000000000002,0.7000000000000002,False
Hospital_X,Vendor_A,Masks,2.82,1.53,1.2899999999999998,1.2899999999999998,False
Hospital_X,Vendor_A,Masks,2.71,1.8,0.9099999999999999,0.9099999999999999,False
Hospital_Y,Vendor_B,IV Kits,65.17,38.43,26.740000000000002,26.740000000000002,False
Hospital_Z,Vendor_C,Gloves,4.29,4.1,0.1900000000000004,0.1900000000000004,False
Hospital_Y,Vendor_A,Bandages,2.46,2.33,0.1299999999999999,0.1299999999999999,False
Hospital_Y,Vendor_A,Masks,2.95,1.65,1.3000000000000003,1.3000000000000003,False
Hospital_Y,Vendor_A,Masks,2.98,1.42,1.56,1.56,False
Hospital_X,Vendor_C,Gloves,5.54,4.59,0.9500000000000002,0.9500000000000002,False
Hospital_Z,Vendor_B,Masks,2.86,1.65,1.21,1.21,False
Hospital_Z,Vendor_C,Syringes,9.99,8.08,1.9100000000000001,1.9100000000000001,False
Hospital_Y,Vendor_A,IV Kits,62.1,46.0,16.1,16.1,False
Hospital_Y,Vendor_B,IV Kits,46.29,38.56,7.729999999999997,7.729999999999997,False
Hospital_X,Vendor_C,Syringes,13.98,8.48,5.5,5.5,False
Hospital_Z,Vendor_A,Masks,2.43,1.75,0.6800000000000002,0.6800000000000002,False
Hospital_Z,Vendor_B,Masks,1.83,1.63,0.20000000000000018,0.20000000000000018,False
Hospital_Z,Vendor_B,Gloves,6.3,3.99,2.3099999999999996,2.3099999999999996,False
Hospital_Z,Vendor_A,Masks,2.24,1.54,0.7000000000000002,0.7000000000000002,False
Hospital_Y,Vendor_B,IV Kits,51.58,41.73,9.850000000000001,9.850000000000001,False
Hospital_X,Vendor_B,Masks,2.2,1.55,0.6500000000000001,0.6500000000000001,False
Hospital_X,Vendor_A,IV Kits,45.85,37.51,8.340000000000003,8.340000000000003,False
Hospital_X,Vendor_C,Gloves,5.25,4.3,0.9500000000000002,0.9500000000000002,False
Hospital_Z,Vendor_A,Gloves,7.04,3.81,3.23,3.23,False
Hospital_Y,Vendor_B,Bandages,2.52,2.58,-0.06000000000000005,0.0,True
Hospital_X,Vendor_B,Masks,2.5,1.53,0.97,0.97,False
Hospital_Z,Vendor_A,Bandages,3.06,2.56,0.5,0.5,False
Hospital_X,Vendor_B,Masks,2.27,1.81,0.45999999999999996,0.45999999999999996,False
Hospital_Y,Vendor_A,Syringes,14.81,8.74,6.07,6.07,False
Hospital_Z,Vendor_B,IV Kits,63.34,37.09,26.25,26.25,False
Hospital_Y,Vendor_B,Bandages,3.94,2.25,1.69,1.69,False
Hospital_Z,Vendor_A,Bandages,3.81,2.5,1.31,1.31,False
Hospital_Y,Vendor_C,Bandages,2.94,2.7,0.23999999999999977,0.23999999999999977,False
Hospital_Y,Vendor_C,Syringes,8.12,7.73,0.3899999999999988,0.3899999999999988,False
Hospital_X,Vendor_C,Syringes,8.21,9.79,-1.5799999999999983,0.0,True
Hospital_X,Vendor_A,Masks,1.9,1.8,0.09999999999999987,0.09999999999999987,False
Hospital_X,Vendor_A,Bandages,2.62,2.69,-0.06999999999999984,0.0,True
Hospital_Z,Vendor_B,Syringes,14.84,8.22,6.619999999999999,6.619999999999999,False
Hospital_X,Vendor_A,Bandages,3.59,2.76,0.8300000000000001,0.8300000000000001,False
Hospital_X,Vendor_B,Masks,2.67,1.96,0.71,0.71,False
Hospital_Y,Vendor_B,IV Kits,66.68,46.97,19.710000000000008,19.710000000000008,False
Hospital_Z,Vendor_A,IV Kits,53.15,39.45,13.699999999999996,13.699999999999996,False
Hospital_Z,Vendor_A,Gloves,6.21,4.41,1.7999999999999998,1.7999999999999998,False
Hospital_X,Vendor_C,Bandages,3.34,2.31,1.0299999999999998,1.0299999999999998,False
Hospital_Y,Vendor_C,Gloves,4.26,4.41,-0.15000000000000036,0.0,True
Hospital_Y,Vendor_B,Syringes,11.5,8.63,2.869999999999999,2.869999999999999,False
Hospital_X,Vendor_B,Syringes,13.7,7.33,6.369999999999999,6.369999999999999,False
Hospital_X,Vendor_B,Bandages,2.92,2.53,0.3900000000000001,0.3900000000000001,False
Hospital_Y,Vendor_C,IV Kits,66.14,45.73,20.410000000000004,20.410000000000004,False
Hospital_X,Vendor_A,IV Kits,46.85,35.11,11.740000000000002,11.740000000000002,False
Hospital_X,Vendor_C,Bandages,3.77,2.44,1.33,1.33,False
Hospital_X,Vendor_A,Masks,2.09,1.46,0.6299999999999999,0.6299999999999999,False
Hospital_Y,Vendor_A,Bandages,3.05,2.82,0.22999999999999998,0.22999999999999998,False
Hospital_Y,Vendor_B,IV Kits,65.07,39.09,25.97999999999999,25.97999999999999,False
Hospital_X,Vendor_B,Masks,2.33,1.47,0.8600000000000001,0.8600000000000001,False
Hospital_Z,Vendor_B,Masks,2.34,1.83,0.5099999999999998,0.5099999999999998,False
Hospital_X,Vendor_B,Gloves,4.9,4.94,-0.040000000000000036,0.0,True
Hospital_Z,Vendor_B,Masks,2.74,1.62,1.12,1.12,False
Hospital_Z,Vendor_B,Bandages,4.4,2.64,1.7600000000000002,1.7600000000000002,False
Hospital_X,Vendor_B,Bandages,4.07,2.68,1.3900000000000001,1.3900000000000001,False
Hospital_X,Vendor_A,Syringes,14.34,9.31,5.029999999999999,5.029999999999999,False
Hospital_Z,Vendor_B,Gloves,6.73,3.91,2.8200000000000003,2.8200000000000003,False
Hospital_Y,Vendor_C,IV Kits,68.33,46.5,21.83,21.83,False
Hospital_Z,Vendor_A,Syringes,12.11,7.5,4.609999999999999,4.609999999999999,False
Hospital_X,Vendor_B,IV Kits,47.59,36.44,11.150000000000006,11.150000000000006,False
Hospital_Z,Vendor_C,Bandages,3.67,2.59,1.08,1.08,False
Hospital_Y,Vendor_A,Syringes,12.42,7.18,5.24,5.24,False
Hospital_Z,Vendor_B,Gloves,6.09,4.51,1.58,1.58,False
Hospital_X,Vendor_B,Syringes,13.02,9.08,3.9399999999999995,3.9399999999999995,False
Hospital_Z,Vendor_B,Masks,2.44,1.6,0.8399999999999999,0.8399999999999999,False
Hospital_X,Vendor_B,Bandages,4.28,2.27,2.0100000000000002,2.0100000000000002,False
Hospital_Y,Vendor_C,Gloves,5.24,3.6,1.6400000000000001,1.6400000000000001,False
Hospital_X,Vendor_B,Gloves,4.24,4.46,-0.21999999999999975,0.0,True
Hospital_Y,Vendor_C,Syringes,9.62,8.37,1.25,1.25,False
Hospital_Y,Vendor_C,Syringes,10.54,9.99,0.5499999999999989,0.5499999999999989,False
Hospital_Y,Vendor_B,Masks,2.94,1.51,1.43,1.43,False
Hospital_Y,Vendor_C,Gloves,4.34,4.18,0.16000000000000014,0.16000000000000014,False
Hospital_Z,Vendor_A,Masks,2.9,1.54,1.3599999999999999,1.3599999999999999,False
Hospital_Y,Vendor_C,Masks,2.99,1.96,1.0300000000000002,1.0300000000000002,False
Hospital_X,Vendor_A,Masks,2.54,1.46,1.08,1.08,False
Hospital_X,Vendor_C,Syringes,12.26,8.52,3.74,3.74,False
Hospital_X,Vendor_B,Masks,1.65,1.58,0.06999999999999984,0.06999999999999984,False
Hospital_Y,Vendor_A,Syringes,10.67,8.04,2.630000000000001,2.630000000000001,False
Hospital_X,Vendor_A,Gloves,5.07,4.1,0.9700000000000006,0.9700000000000006,False
Hospital_Z,Vendor_B,Syringes,9.13,9.36,-0.22999999999999865,0.0,True
Hospital_Y,Vendor_A,Masks,2.3,1.64,0.6599999999999999,0.6599999999999999,False
Hospital_Z,Vendor_A,Syringes,12.72,8.6,4.120000000000001,4.120000000000001,False
Hospital_Y,Vendor_C,IV Kits,42.83,41.04,1.7899999999999991,1.7899999999999991,False
Hospital_Y,Vendor_C,Syringes,9.57,9.87,-0.29999999999999893,0.0,True
Hospital_X,Vendor_B,Syringes,12.03,8.44,3.59,3.59,False
Hospital_Y,Vendor_C,Gloves,4.49,4.85,-0.35999999999999943,0.0,True
Hospital_Z,Vendor_C,Bandages,3.24,2.23,1.0100000000000002,1.0100000000000002,False
Hospital_X,Vendor_B,Bandages,2.45,2.22,0.22999999999999998,0.22999999999999998,False
Hospital_X,Vendor_A,Masks,2.91,1.93,0.9800000000000002,0.9800000000000002,False
Hospital_Y,Vendor_C,Bandages,2.4,2.12,0.2799999999999998,0.2799999999999998,False
Hospital_Z,Vendor_C,Syringes,10.71,8.69,2.0200000000000014,2.0200000000000014,False
Hospital_X,Vendor_B,Syringes,8.41,9.98,-1.5700000000000003,0.0,True
Hospital_Z,Vendor_C,Bandages,4.47,2.32,2.15,2.15,False
Hospital_X,Vendor_A,IV Kits,67.39,38.98,28.410000000000004,28.410000000000004,False
Hospital_Z,Vendor_A,Masks,1.92,1.54,0.3799999999999999,0.3799999999999999,False
Hospital_Y,Vendor_A,Masks,2.2,1.48,0.7200000000000002,0.7200000000000002,False
Hospital_Y,Vendor_C,Masks,2.52,1.61,0.9099999999999999,0.9099999999999999,False
Hospital_Y,Vendor_B,IV Kits,46.19,40.81,5.3799999999999955,5.3799999999999955,False
Hospital_Z,Vendor_B,Bandages,3.27,2.53,0.7400000000000002,0.7400000000000002,False
Hospital_Z,Vendor_B,Bandages,2.69,2.58,0.10999999999999988,0.10999999999999988,False
Hospital_X,Vendor_A,Gloves,6.92,4.44,2.4799999999999995,2.4799999999999995,False
Hospital_X,Vendor_B,Bandages,4.42,2.54,1.88,1.88,False
Hospital_Z,Vendor_A,IV Kits,55.9,47.67,8.229999999999997,8.229999999999997,False
Hospital_Y,Vendor_B,Bandages,2.72,2.39,0.33000000000000007,0.33000000000000007,False
Hospital_Z,Vendor_B,Masks,2.13,1.64,0.49,0.49,False
Hospital_Y,Vendor_A,Syringes,14.24,9.87,4.370000000000001,4.370000000000001,False
Hospital_X,Vendor_A,Gloves,6.41,4.16,2.25,2.25,False
Hospital_Y,Vendor_A,Bandages,4.35,2.33,2.0199999999999996,2.0199999999999996,False
Hospital_Z,Vendor_C,Bandages,3.78,2.91,0.8699999999999997,0.8699999999999997,False
Hospital_X,Vendor_C,Gloves,4.23,4.28,-0.04999999999999982,0.0,True
Hospital_X,Vendor_A,IV Kits,55.51,35.72,19.79,19.79,False
Hospital_Z,Vendor_C,Gloves,6.31,4.7,1.6099999999999994,1.6099999999999994,False
Hospital_X,Vendor_A,IV Kits,57.8,40.81,16.989999999999995,16.989999999999995,False
Hospital_Z,Vendor_C,Masks,2.92,1.87,1.0499999999999998,1.0499999999999998,False
Hospital_Y,Vendor_C,IV Kits,43.44,44.9,-1.4600000000000009,0.0,True
Hospital_Z,Vendor_B,Syringes,8.58,9.9,-1.3200000000000003,0.0,True
Hospital_Y,Vendor_A,Gloves,6.34,3.52,2.82,2.82,False
Hospital_Y,Vendor_B,Masks,1.7,1.98,-0.28,0.0,True
Hospital_X,Vendor_B,Syringes,8.88,8.42,0.46000000000000085,0.46000000000000085,False
Hospital_X,Vendor_B,Syringes,12.08,9.24,2.84,2.84,False
Hospital_Z,Vendor_B,Masks,1.66,1.47,0.18999999999999995,0.18999999999999995,False
Hospital_X,Vendor_C,Syringes,10.61,8.3,2.3099999999999987,2.3099999999999987,False
Hospital_X,Vendor_B,Masks,1.83,1.56,0.27,0.27,False
Hospital_Z,Vendor_A,Masks,2.84,1.79,1.0499999999999998,1.0499999999999998,False
Hospital_Y,Vendor_B,IV Kits,70.15,47.7,22.450000000000003,22.450000000000003,False
Hospital_Y,Vendor_C,Gloves,6.23,3.83,2.4000000000000004,2.4000000000000004,False
Hospital_Y,Vendor_C,Masks,2.65,1.56,1.0899999999999999,1.0899999999999999,False
Hospital_X,Vendor_A,Masks,1.83,1.48,0.3500000000000001,0.3500000000000001,False
Hospital_Y,Vendor_C,Masks,1.9,1.7,0.19999999999999996,0.19999999999999996,False
Hospital_Y,Vendor_A,Masks,2.36,1.75,0.6099999999999999,0.6099999999999999,False
Hospital_Y,Vendor_C,IV Kits,59.78,45.33,14.450000000000003,14.450000000000003,False
Hospital_X,Vendor_C,Masks,2.67,1.5,1.17,1.17,False
Hospital_X,Vendor_B,Syringes,13.19,9.64,3.549999999999999,3.549999999999999,False
Hospital_Y,Vendor_C,Masks,2.52,1.59,0.9299999999999999,0.9299999999999999,False
Hospital_Z,Vendor_B,Bandages,3.69,2.72,0.9699999999999998,0.9699999999999998,False
Hospital_Y,Vendor_A,Bandages,4.18,2.86,1.3199999999999998,1.3199999999999998,False
Hospital_Y,Vendor_A,Masks,1.88,1.97,-0.09000000000000008,0.0,True
Hospital_Z,Vendor_C,Gloves,6.95,4.21,2.74,2.74,False
Hospital_Y,Vendor_A,IV Kits,52.89,41.73,11.160000000000004,11.160000000000004,False
Hospital_Y,Vendor_B,Masks,2.43,1.63,0.8000000000000003,0.8000000000000003,False
Hospital_Z,Vendor_B,Bandages,2.41,2.66,-0.25,0.0,True
Hospital_X,Vendor_A,Masks,1.73,1.75,-0.020000000000000018,0.0,True
Hospital_Y,Vendor_A,Masks,2.61,1.46,1.15,1.15,False
Hospital_Y,Vendor_C,Syringes,11.41,8.8,2.6099999999999994,2.6099999999999994,False
Hospital_Z,Vendor_C,IV Kits,57.44,36.16,21.28,21.28,False
Hospital_Y,Vendor_B,Bandages,3.89,2.81,1.08,1.08,False
Hospital_Y,Vendor_A,IV Kits,51.49,41.51,9.980000000000004,9.980000000000004,False
Hospital_X,Vendor_C,Syringes,12.19,9.21,2.9799999999999986,2.9799999999999986,False
Hospital_Y,Vendor_A,IV Kits,62.49,41.32,21.17,21.17,False
Hospital_Z,Vendor_C,Masks,2.56,1.99,0.5700000000000001,0.5700000000000001,False
Hospital_Z,Vendor_C,Masks,2.4,1.75,0.6499999999999999,0.6499999999999999,False
Hospital_Y,Vendor_A,Gloves,5.17,3.54,1.63,1.63,False
Hospital_Y,Vendor_B,Gloves,6.05,4.55,1.5,1.5,False
Hospital_Z,Vendor_A,IV Kits,72.92,38.89,34.03,34.03,False
Hospital_X,Vendor_C,Syringes,13.89,7.56,6.330000000000001,6.330000000000001,False
Hospital_Y,Vendor_A,Gloves,7.28,4.56,2.7200000000000006,2.7200000000000006,False
Hospital_Z,Vendor_B,Syringes,14.33,9.73,4.6,4.6,False
Hospital_X,Vendor_B,Gloves,4.56,4.42,0.13999999999999968,0.13999999999999968,False
Hospital_Z,Vendor_A,Masks,2.89,1.68,1.2100000000000002,1.2100000000000002,False
Hospital_Y,Vendor_B,Bandages,2.99,2.34,0.6500000000000004,0.6500000000000004,False
Hospital_Y,Vendor_C,IV Kits,48.73,39.08,9.649999999999999,9.649999999999999,False
Hospital_X,Vendor_A,Syringes,9.88,7.47,2.410000000000001,2.410000000000001,False
Hospital_Y,Vendor_C,Masks,2.87,1.48,1.3900000000000001,1.3900000000000001,False
Hospital_X,Vendor_B,Masks,2.68,1.45,1.2300000000000002,1.2300000000000002,False
Hospital_Z,Vendor_C,Syringes,14.17,8.18,5.99,5.99,False
Hospital_X,Vendor_B,Syringes,11.46,9.94,1.5200000000000014,1.5200000000000014,False
Hospital_Z,Vendor_C,Bandages,2.82,2.61,0.20999999999999996,0.20999999999999996,False
Hospital_X,Vendor_C,IV Kits,73.15,49.51,23.640000000000008,23.640000000000008,False
Hospital_X,Vendor_A,Bandages,2.72,2.3,0.4200000000000004,0.4200000000000004,False
Hospital_Z,Vendor_A,Syringes,12.79,8.64,4.149999999999999,4.149999999999999,False
Hospital_Y,Vendor_A,Bandages,3.25,2.59,0.6600000000000001,0.6600000000000001,False
Hospital_Y,Vendor_A,Gloves,4.29,4.19,0.09999999999999964,0.09999999999999964,False
Hospital_X,Vendor_B,Gloves,4.49,4.5,-0.009999999999999787,0.0,True
Hospital_Y,Vendor_B,Gloves,5.62,4.12,1.5,1.5,False
Hospital_Y,Vendor_C,Bandages,3.01,2.81,0.19999999999999973,0.19999999999999973,False
Hospital_Y,Vendor_C,Masks,2.97,1.88,1.0900000000000003,1.0900000000000003,False
Hospital_X,Vendor_C,Gloves,4.58,4.0,0.5800000000000001,0.5800000000000001,False
Hospital_Z,Vendor_B,Masks,1.89,1.93,-0.040000000000000036,0.0,True
Hospital_Z,Vendor_B,Masks,2.93,1.74,1.1900000000000002,1.1900000000000002,False
Hospital_X,Vendor_B,Masks,1.64,1.44,0.19999999999999996,0.19999999999999996,False
Hospital_Y,Vendor_A,IV Kits,57.42,36.58,20.840000000000003,20.840000000000003,False
Hospital_X,Vendor_C,Masks,2.16,1.46,0.7000000000000002,0.7000000000000002,False
Hospital_Z,Vendor_C,Bandages,2.83,2.57,0.26000000000000023,0.26000000000000023,False
Hospital_X,Vendor_A,Masks,2.49,1.88,0.6100000000000003,0.6100000000000003,False
Hospital_Y,Vendor_B,Syringes,13.55,7.95,5.6000000000000005,5.6000000000000005,False
Hospital_Z,Vendor_A,IV Kits,71.4,37.53,33.870000000000005,33.870000000000005,False
Hospital_Z,Vendor_A,Gloves,4.64,4.84,-0.20000000000000018,0.0,True
Hospital_X,Vendor_C,Masks,2.22,1.77,0.4500000000000002,0.4500000000000002,False
Hospital_Z,Vendor_A,IV Kits,57.68,49.51,8.170000000000002,8.170000000000002,False
Hospital_X,Vendor_C,Bandages,3.8,2.67,1.13,1.13,False
Hospital_Y,Vendor_B,Masks,2.2,1.5,0.7000000000000002,0.7000000000000002,False
Hospital_X,Vendor_A,IV Kits,43.26,35.44,7.82,7.82,False
Hospital_Y,Vendor_B,Masks,1.71,1.84,-0.13000000000000012,0.0,True
Hospital_X,Vendor_A,Bandages,4.12,2.59,1.5300000000000002,1.5300000000000002,False
Hospital_Z,Vendor_A,IV Kits,71.55,44.78,26.769999999999996,26.769999999999996,False
Hospital_Y,Vendor_A,Gloves,6.87,4.82,2.05,2.05,False
Hospital_Y,Vendor_A,Syringes,8.7,7.72,0.9799999999999995,0.9799999999999995,False
Hospital_X,Vendor_B,Masks,2.64,1.51,1.1300000000000001,1.1300000000000001,False
Hospital_Z,Vendor_A,IV Kits,61.73,40.29,21.439999999999998,21.439999999999998,False
Hospital_Y,Vendor_C,Bandages,4.46,2.67,1.79,1.79,False
Hospital_Y,Vendor_A,Masks,2.06,1.81,0.25,0.25,False
Hospital_Z,Vendor_C,Masks,1.83,1.79,0.040000000000000036,0.040000000000000036,False
Hospital_Z,Vendor_C,Gloves,4.27,4.01,0.2599999999999998,0.2599999999999998,False
Hospital_Z,Vendor_A,Syringes,10.14,7.64,2.500000000000001,2.500000000000001,False
Hospital_X,Vendor_A,IV Kits,54.29,46.39,7.899999999999999,7.899999999999999,False
Hospital_Z,Vendor_A,Masks,2.73,1.44,1.29,1.29,False
Hospital_X,Vendor_C,Syringes,14.12,7.0,7.119999999999999,7.119999999999999,False
Hospital_Y,Vendor_C,IV Kits,55.65,41.91,13.740000000000002,13.740000000000002,False
Hospital_Y,Vendor_A,Masks,2.13,1.99,0.1399999999999999,0.1399999999999999,False
Hospital_X,Vendor_A,IV Kits,54.75,35.41,19.340000000000003,19.340000000000003,False
Hospital_Y,Vendor_C,Gloves,7.19,4.63,2.5600000000000005,2.5600000000000005,False
Hospital_Z,Vendor_A,Gloves,6.17,4.34,1.83,1.83,False
Hospital_X,Vendor_C,Masks,1.99,1.92,0.07000000000000006,0.07000000000000006,False
Hospital_X,Vendor_A,Bandages,2.91,2.11,0.8000000000000003,0.8000000000000003,False
Hospital_Y,Vendor_A,Masks,2.44,1.58,0.8599999999999999,0.8599999999999999,False
Hospital_Y,Vendor_B,IV Kits,60.96,35.97,24.990000000000002,24.990000000000002,False
Hospital_X,Vendor_B,Masks,2.06,1.6,0.45999999999999996,0.45999999999999996,False
Hospital_X,Vendor_B,Bandages,3.0,2.49,0.5099999999999998,0.5099999999999998,False
Hospital_Y,Vendor_B,IV Kits,60.07,44.88,15.189999999999998,15.189999999999998,False
Hospital_Z,Vendor_A,Masks,2.28,1.84,0.4399999999999997,0.4399999999999997,False
Hospital_X,Vendor_A,Gloves,6.34,4.74,1.5999999999999996,1.5999999999999996,False
Hospital_Z,Vendor_A,Gloves,5.51,3.98,1.5299999999999998,1.5299999999999998,False
Hospital_Z,Vendor_B,Masks,1.79,1.6,0.18999999999999995,0.18999999999999995,False
Hospital_Y,Vendor_A,Masks,2.45,1.78,0.6700000000000002,0.6700000000000002,False
Hospital_X,Vendor_A,Masks,2.5,1.81,0.69,0.69,False
Hospital_X,Vendor_B,Masks,2.96,1.56,1.4,1.4,False
Hospital_Z,Vendor_C,Syringes,14.89,7.81,7.080000000000001,7.080000000000001,False
Hospital_X,Vendor_B,Gloves,4.14,4.41,-0.27000000000000046,0.0,True
Hospital_Y,Vendor_C,IV Kits,74.0,39.97,34.03,34.03,False
Hospital_Y,Vendor_C,Gloves,6.14,3.92,2.2199999999999998,2.2199999999999998,False
Hospital_X,Vendor_A,Gloves,4.02,3.51,0.5099999999999998,0.5099999999999998,False
Hospital_Y,Vendor_A,IV Kits,56.2,41.58,14.620000000000005,14.620000000000005,False
Hospital_Y,Vendor_C,Syringes,14.52,8.19,6.33,6.33,False
Hospital_X,Vendor_A,Bandages,4.12,2.58,1.54,1.54,False
Hospital_Z,Vendor_C,IV Kits,70.6,42.4,28.199999999999996,28.199999999999996,False
Hospital_Z,Vendor_B,IV Kits,55.77,48.94,6.830000000000005,6.830000000000005,False
Hospital_Z,Vendor_A,Bandages,3.26,2.92,0.33999999999999986,0.33999999999999986,False
Hospital_X,Vendor_A,Bandages,3.05,2.84,0.20999999999999996,0.20999999999999996,False
Hospital_X,Vendor_B,Masks,1.6,1.78,-0.17999999999999994,0.0,True
Hospital_Z,Vendor_C,Bandages,2.49,2.88,-0.3899999999999997,0.0,True
Hospital_Y,Vendor_B,Syringes,13.6,8.99,4.609999999999999,4.609999999999999,False
Hospital_Z,Vendor_C,Bandages,3.28,2.78,0.5,0.5,False
Hospital_Z,Vendor_B,Gloves,5.24,4.91,0.33000000000000007,0.33000000000000007,False
Hospital_Y,Vendor_A,Bandages,3.16,2.63,0.5300000000000002,0.5300000000000002,False
Hospital_Y,Vendor_B,Syringes,8.97,7.35,1.620000000000001,1.620000000000001,False
Hospital_Y,Vendor_C,Masks,1.77,1.94,-0.16999999999999993,0.0,True
Hospital_Y,Vendor_B,IV Kits,40.41,41.33,-0.9200000000000017,0.0,True
Hospital_X,Vendor_C,IV Kits,42.95,40.99,1.9600000000000009,1.9600000000000009,False
Hospital_Y,Vendor_A,Bandages,3.57,2.41,1.1599999999999997,1.1599999999999997,False
Hospital_X,Vendor_B,Gloves,6.42,4.14,2.2800000000000002,2.2800000000000002,False
Hospital_Z,Vendor_A,IV Kits,58.99,47.93,11.060000000000002,11.060000000000002,False
Hospital_Z,Vendor_B,Masks,2.23,1.75,0.48,0.48,False
Hospital_Z,Vendor_C,Gloves,5.12,4.37,0.75,0.75,False
Hospital_X,Vendor_C,Syringes,8.19,8.18,0.009999999999999787,0.009999999999999787,False
Hospital_Z,Vendor_A,Syringes,9.0,9.67,-0.6699999999999999,0.0,True
Hospital_Z,Vendor_C,Gloves,4.09,4.47,-0.3799999999999999,0.0,True
Hospital_Z,Vendor_C,Masks,2.14,1.88,0.26000000000000023,0.26000000000000023,False
Hospital_X,Vendor_A,IV Kits,63.7,44.09,19.61,19.61,False
Hospital_X,Vendor_B,Syringes,8.74,7.5,1.2400000000000002,1.2400000000000002,False
Hospital_Y,Vendor_A,Syringes,8.19,8.52,-0.33000000000000007,0.0,True
Hospital_Y,Vendor_A,IV Kits,41.36,35.46,5.899999999999999,5.899999999999999,False
Hospital_Z,Vendor_B,IV Kits,40.82,46.34,-5.520000000000003,0.0,True
Hospital_Y,Vendor_B,Bandages,4.29,2.2,2.09,2.09,False
Hospital_Z,Vendor_A,Syringes,14.22,8.81,5.41,5.41,False
Hospital_X,Vendor_A,Masks,1.72,1.76,-0.040000000000000036,0.0,True
Hospital_X,Vendor_A,Masks,2.96,1.86,1.0999999999999999,1.0999999999999999,False
Hospital_X,Vendor_A,Bandages,3.56,2.59,0.9700000000000002,0.9700000000000002,False
Hospital_Z,Vendor_C,Bandages,3.32,2.37,0.9499999999999997,0.9499999999999997,False
Hospital_Y,Vendor_C,Bandages,2.52,2.41,0.10999999999999988,0.10999999999999988,False
Hospital_Z,Vendor_A,Masks,2.38,1.61,0.7699999999999998,0.7699999999999998,False
Hospital_X,Vendor_C,Masks,2.22,1.78,0.44000000000000017,0.44000000000000017,False
Hospital_X,Vendor_C,IV Kits,74.78,48.2,26.58,26.58,False
Hospital_Z,Vendor_B,Gloves,4.7,4.09,0.6100000000000003,0.6100000000000003,False
Hospital_X,Vendor_A,Masks,2.6,1.94,0.6600000000000001,0.6600000000000001,False
Hospital_Y,Vendor_A,IV Kits,65.28,43.0,22.28,22.28,False
Hospital_X,Vendor_B,Masks,2.64,1.73,0.9100000000000001,0.9100000000000001,False
Hospital_X,Vendor_A,Bandages,4.24,2.95,1.29,1.29,False
Hospital_Z,Vendor_C,Gloves,5.8,3.64,2.1599999999999997,2.1599999999999997,False
Hospital_Z,Vendor_B,Masks,2.02,1.69,0.33000000000000007,0.33000000000000007,False
Hospital_Y,Vendor_A,IV Kits,66.66,40.8,25.86,25.86,False
Hospital_Z,Vendor_A,IV Kits,60.2,47.98,12.220000000000006,12.220000000000006,False
Hospital_Z,Vendor_B,IV Kits,61.07,43.87,17.200000000000003,17.200000000000003,False
Hospital_Z,Vendor_C,Bandages,2.63,2.87,-0.2400000000000002,0.0,True
Hospital_X,Vendor_A,Gloves,5.04,3.86,1.1800000000000002,1.1800000000000002,False
Hospital_X,Vendor_C,IV Kits,57.87,44.4,13.469999999999999,13.469999999999999,False
Hospital_X,Vendor_B,Syringes,8.21,9.62,-1.4099999999999984,0.0,True
Hospital_Y,Vendor_B,Syringes,12.51,9.46,3.049999999999999,3.049999999999999,False
Hospital_Y,Vendor_C,Gloves,7.35,3.51,3.84,3.84,False
Hospital_Y,Vendor_B,IV Kits,69.0,39.42,29.58,29.58,False
Hospital_X,Vendor_A,IV Kits,62.15,36.04,26.11,26.11,False
Hospital_X,Vendor_A,Bandages,4.01,2.86,1.15,1.15,False
Hospital_Z,Vendor_C,Syringes,11.41,7.23,4.18,4.18,False
Hospital_Z,Vendor_B,Masks,1.69,1.61,0.07999999999999985,0.07999999999999985,False
Hospital_X,Vendor_B,IV Kits,73.17,36.08,37.09,37.09,False
Hospital_Z,Vendor_C,Bandages,4.22,2.71,1.5099999999999998,1.5099999999999998,False
Hospital_Y,Vendor_C,Gloves,6.78,4.56,2.2200000000000006,2.2200000000000006,False
Hospital_Y,Vendor_B,Masks,2.59,1.8,0.7899999999999998,0.7899999999999998,False
Hospital_Z,Vendor_B,Masks,2.16,1.58,0.5800000000000001,0.5800000000000001,False
Hospital_X,Vendor_B,IV Kits,60.41,47.63,12.779999999999994,12.779999999999994,False
Hospital_Y,Vendor_A,Gloves,7.43,4.41,3.0199999999999996,3.0199999999999996,False
Hospital_X,Vendor_C,Bandages,4.0,2.27,1.73,1.73,False
Hospital_Y,Vendor_B,Syringes,8.5,9.05,-0.5500000000000007,0.0,True
Hospital_X,Vendor_B,Syringes,13.63,8.66,4.970000000000001,4.970000000000001,False
Hospital_Z,Vendor_A,Masks,2.69,1.56,1.13,1.13,False
Hospital_Y,Vendor_B,Syringes,13.05,7.81,5.240000000000001,5.240000000000001,False
Hospital_X,Vendor_C,Gloves,4.0,4.27,-0.2699999999999996,0.0,True
Hospital_Y,Vendor_B,Syringes,12.95,7.19,5.759999999999999,5.759999999999999,False
Hospital_Y,Vendor_A,Syringes,9.73,9.22,0.5099999999999998,0.5099999999999998,False
Hospital_X,Vendor_C,Bandages,3.16,2.34,0.8200000000000003,0.8200000000000003,False
Hospital_Y,Vendor_B,IV Kits,71.22,41.51,29.71,29.71,False
Hospital_Z,Vendor_B,Gloves,4.31,4.53,-0.22000000000000064,0.0,True
Hospital_X,Vendor_A,Syringes,14.51,9.53,4.98,4.98,False
Hospital_Z,Vendor_C,Syringes,9.78,9.63,0.14999999999999858,0.14999999999999858,False
Hospital_Z,Vendor_A,Bandages,4.4,2.73,1.6700000000000004,1.6700000000000004,False
Hospital_Z,Vendor_A,Gloves,6.22,5.0,1.2199999999999998,1.2199999999999998,False
Hospital_Y,Vendor_A,Gloves,7.35,4.25,3.0999999999999996,3.0999999999999996,False
Hospital_Z,Vendor_C,Gloves,4.39,4.45,-0.0600000000000005,0.0,True
Hospital_Z,Vendor_A,IV Kits,66.86,41.25,25.61,25.61,False
Hospital_Y,Vendor_C,Bandages,2.85,2.69,0.16000000000000014,0.16000000000000014,False
Hospital_Y,Vendor_B,IV Kits,47.55,45.17,2.3799999999999955,2.3799999999999955,False
Hospital_Y,Vendor_A,Bandages,3.23,2.94,0.29000000000000004,0.29000000000000004,False
Hospital_Z,Vendor_B,Masks,2.04,1.79,0.25,0.25,False
Hospital_Y,Vendor_B,Bandages,3.62,2.18,1.44,1.44,False
Hospital_X,Vendor_C,IV Kits,42.03,36.67,5.359999999999999,5.359999999999999,False
Hospital_Z,Vendor_A,Syringes,13.85,7.04,6.81,6.81,False
Hospital_Y,Vendor_B,Bandages,2.44,2.21,0.22999999999999998,0.22999999999999998,False
Hospital_X,Vendor_C,Syringes,13.15,7.99,5.16,5.16,False
Hospital_X,Vendor_B,Masks,2.25,1.98,0.27,0.27,False
Hospital_Y,Vendor_B,Masks,2.67,1.67,1.0,1.0,False
Hospital_Z,Vendor_B,Gloves,6.01,3.61,2.4,2.4,False
Hospital_X,Vendor_B,Gloves,4.93,3.53,1.4,1.4,False
Hospital_X,Vendor_A,Bandages,3.95,2.3,1.6500000000000004,1.6500000000000004,False
Hospital_Z,Vendor_B,Gloves,6.32,4.32,2.0,2.0,False
Hospital_Z,Vendor_C,Masks,1.63,1.94,-0.31000000000000005,0.0,True
Hospital_X,Vendor_C,Gloves,5.02,3.81,1.2099999999999995,1.2099999999999995,False
Hospital_X,Vendor_C,IV Kits,47.99,38.7,9.29,9.29,False
Hospital_Z,Vendor_A,Masks,1.68,1.8,-0.1200000000000001,0.0,True
Hospital_X,Vendor_B,Masks,1.93,1.72,0.20999999999999996,0.20999999999999996,False
Hospital_Z,Vendor_B,Masks,2.95,1.45,1.5000000000000002,1.5000000000000002,False
Hospital_Z,Vendor_A,Gloves,6.54,4.43,2.1100000000000003,2.1100000000000003,False
Hospital_X,Vendor_B,Gloves,6.73,4.37,2.3600000000000003,2.3600000000000003,False
Hospital_X,Vendor_A,IV Kits,58.45,48.6,9.850000000000001,9.850000000000001,False
Hospital_Z,Vendor_C,Masks,2.73,1.97,0.76,0.76,False
Hospital_Z,Vendor_A,Masks,1.68,1.81,-0.13000000000000012,0.0,True
Hospital_Y,Vendor_A,Syringes,8.05,8.89,-0.8399999999999999,0.0,True
Hospital_X,Vendor_B,IV Kits,73.53,42.94,30.590000000000003,30.590000000000003,False
Hospital_X,Vendor_B,Bandages,4.42,2.66,1.7599999999999998,1.7599999999999998,False
Hospital_Y,Vendor_B,Syringes,9.26,8.38,0.879999999999999,0.879999999999999,False
Hospital_Y,Vendor_B,IV Kits,55.59,38.14,17.450000000000003,17.450000000000003,False
Hospital_X,Vendor_A,IV Kits,74.34,46.9,27.440000000000005,27.440000000000005,False
Hospital_Y,Vendor_C,IV Kits,43.81,44.55,-0.7399999999999949,0.0,True
Hospital_Y,Vendor_C,Masks,2.33,1.53,0.8,0.8,False
Hospital_Y,Vendor_A,Bandages,3.65,2.17,1.48,1.48,False
Hospital_Y,Vendor_B,Syringes,9.33,9.38,-0.05000000000000071,0.0,True
Hospital_Y,Vendor_A,IV Kits,64.44,40.93,23.509999999999998,23.509999999999998,False
Hospital_Z,Vendor_B,Syringes,10.75,9.56,1.1899999999999995,1.1899999999999995,False
Hospital_Y,Vendor_C,Masks,2.5,1.8,0.7,0.7,False
Hospital_Y,Vendor_B,IV Kits,69.93,44.05,25.88000000000001,25.88000000000001,False
Hospital_X,Vendor_B,Bandages,3.19,2.6,0.5899999999999999,0.5899999999999999,False
Hospital_Y,Vendor_A,IV Kits,51.26,47.72,3.539999999999999,3.539999999999999,False
Hospital_X,Vendor_B,IV Kits,48.6,41.04,7.560000000000002,7.560000000000002,False
Hospital_X,Vendor_A,Masks,1.77,1.57,0.19999999999999996,0.19999999999999996,False
Hospital_Z,Vendor_B,IV Kits,57.31,42.69,14.620000000000005,14.620000000000005,False
Hospital_X,Vendor_C,Gloves,4.11,3.59,0.5200000000000005,0.5200000000000005,False
Hospital_Y,Vendor_B,IV Kits,61.77,49.89,11.880000000000003,11.880000000000003,False
Hospital_Z,Vendor_A,Bandages,3.27,2.86,0.41000000000000014,0.41000000000000014,False
Hospital_Y,Vendor_B,Gloves,7.21,3.65,3.56,3.56,False
Hospital_Z,Vendor_C,Syringes,13.26,7.69,5.569999999999999,5.569999999999999,False
Hospital_Y,Vendor_A,Gloves,7.03,3.92,3.1100000000000003,3.1100000000000003,False
Hospital_Z,Vendor_A,Bandages,3.58,2.48,1.1,1.1,False
Hospital_Z,Vendor_B,Masks,2.0,1.61,0.3899999999999999,0.3899999999999999,False
Hospital_X,Vendor_A,Syringes,13.34,9.47,3.869999999999999,3.869999999999999,False
Hospital_Y,Vendor_C,Masks,1.89,1.75,0.1399999999999999,0.1399999999999999,False
Hospital_Z,Vendor_C,Gloves,4.11,4.45,-0.33999999999999986,0.0,True
Hospital_Z,Vendor_B,IV Kits,70.78,41.9,28.880000000000003,28.880000000000003,False
Hospital_X,Vendor_C,IV Kits,65.44,46.61,18.83,18.83,False
Hospital_Y,Vendor_C,Syringes,14.13,8.62,5.510000000000002,5.510000000000002,False
Hospital_X,Vendor_C,Masks,1.65,1.48,0.16999999999999993,0.16999999999999993,False
Hospital_X,Vendor_A,Gloves,5.46,4.28,1.1799999999999997,1.1799999999999997,False
Hospital_Y,Vendor_A,Bandages,2.82,2.28,0.54,0.54,False
Hospital_Z,Vendor_A,Bandages,4.25,2.15,2.1,2.1,False
Hospital_Z,Vendor_B,Masks,2.53,1.85,0.6799999999999997,0.6799999999999997,False
Hospital_Z,Vendor_A,Bandages,3.68,2.91,0.77,0.77,False
Hospital_Z,Vendor_A,Bandages,2.97,2.21,0.7600000000000002,0.7600000000000002,False
Hospital_Y,Vendor_C,IV Kits,54.2,38.31,15.89,15.89,False
Hospital_X,Vendor_B,Bandages,2.71,2.44,0.27,0.27,False
Hospital_Z,Vendor_B,Syringes,9.88,8.55,1.33,1.33,False
Hospital_Y,Vendor_C,Gloves,5.69,4.04,1.6500000000000004,1.6500000000000004,False
Hospital_X,Vendor_C,Masks,1.78,1.74,0.040000000000000036,0.040000000000000036,False
Hospital_Z,Vendor_A,Gloves,5.78,4.05,1.7300000000000004,1.7300000000000004,False
Hospital_Y,Vendor_C,Gloves,6.44,4.57,1.87,1.87,False
Hospital_X,Vendor_B,IV Kits,44.27,36.88,7.390000000000001,7.390000000000001,False
Hospital_X,Vendor_B,Bandages,2.98,2.83,0.1499999999999999,0.1499999999999999,False
Hospital_X,Vendor_A,Bandages,2.85,2.7,0.1499999999999999,0.1499999999999999,False
Hospital_X,Vendor_C,Bandages,3.87,2.75,1.12,1.12,False
Hospital_X,Vendor_C,Bandages,3.06,2.53,0.5300000000000002,0.5300000000000002,False
Hospital_X,Vendor_B,Masks,1.64,1.9,-0.26,0.0,True
Hospital_Y,Vendor_A,Syringes,13.9,7.29,6.61,6.61,False
Hospital_Z,Vendor_A,IV Kits,64.72,43.01,21.71,21.71,False
Hospital_X,Vendor_A,IV Kits,50.81,42.23,8.580000000000005,8.580000000000005,False
Hospital_Z,Vendor_B,Bandages,4.4,2.3,2.1000000000000005,2.1000000000000005,False
Hospital_X,Vendor_B,IV Kits,45.5,39.65,5.850000000000001,5.850000000000001,False
Hospital_Z,Vendor_B,Syringes,11.51,7.21,4.3,4.3,False
Hospital_Z,Vendor_B,IV Kits,71.71,35.18,36.529999999999994,36.529999999999994,False
Hospital_X,Vendor_A,Masks,1.63,1.63,0.0,0.0,True
Hospital_X,Vendor_C,Bandages,4.36,2.49,1.87,1.87,False
Hospital_X,Vendor_B,Masks,1.7,1.87,-0.17000000000000015,0.0,True
Hospital_Z,Vendor_A,Syringes,12.74,7.22,5.5200000000000005,5.5200000000000005,False
Hospital_X,Vendor_A,Masks,2.7,1.84,0.8600000000000001,0.8600000000000001,False
Hospital_X,Vendor_B,IV Kits,43.55,39.17,4.3799999999999955,4.3799999999999955,False
Hospital_Y,Vendor_C,Syringes,14.4,7.03,7.37,7.37,False
Hospital_X,Vendor_B,Bandages,2.62,2.59,0.03000000000000025,0.03000000000000025,False
Hospital_X,Vendor_B,Masks,2.63,1.82,0.8099999999999998,0.8099999999999998,False
Hospital_Z,Vendor_A,Gloves,5.82,3.61,2.2100000000000004,2.2100000000000004,False
Hospital_Y,Vendor_B,IV Kits,56.91,39.03,17.879999999999995,17.879999999999995,False
Hospital_Y,Vendor_B,Masks,2.96,1.76,1.2,1.2,False
Hospital_Z,Vendor_A,IV Kits,73.3,39.46,33.839999999999996,33.839999999999996,False
Hospital_Z,Vendor_C,Masks,2.51,1.56,0.9499999999999997,0.9499999999999997,False
Hospital_Z,Vendor_B,Syringes,10.61,8.69,1.92,1.92,False
Hospital_Y,Vendor_A,Gloves,5.1,3.91,1.1899999999999995,1.1899999999999995,False
Hospital_X,Vendor_B,Masks,1.84,1.47,0.3700000000000001,0.3700000000000001,False
Hospital_X,Vendor_B,Gloves,7.31,4.6,2.71,2.71,False
Hospital_Y,Vendor_C,Bandages,3.71,2.44,1.27,1.27,False
Hospital_X,Vendor_A,Bandages,3.21,2.94,0.27,0.27,False
Hospital_X,Vendor_C,Gloves,4.77,4.59,0.17999999999999972,0.17999999999999972,False
Hospital_Y,Vendor_B,Syringes,8.71,7.02,1.6900000000000013,1.6900000000000013,False
Hospital_Z,Vendor_C,Syringes,8.59,9.42,-0.8300000000000001,0.0,True
Hospital_Z,Vendor_A,Masks,2.61,1.41,1.2,1.2,False
Hospital_Z,Vendor_A,Masks,2.49,1.55,0.9400000000000002,0.9400000000000002,False
Hospital_Z,Vendor_A,Masks,1.88,1.93,-0.050000000000000044,0.0,True
Hospital_Z,Vendor_C,Masks,2.1,1.41,0.6900000000000002,0.6900000000000002,False
Hospital_Z,Vendor_B,IV Kits,56.06,45.99,10.07,10.07,False
Hospital_Z,Vendor_A,Syringes,12.16,8.12,4.040000000000001,4.040000000000001,False
Hospital_Y,Vendor_B,Syringes,10.68,8.48,2.1999999999999993,2.1999999999999993,False
Hospital_Z,Vendor_B,Bandages,3.7,2.77,0.9300000000000002,0.9300000000000002,False
Hospital_Z,Vendor_B,IV Kits,66.98,41.41,25.570000000000007,25.570000000000007,False
Hospital_Z,Vendor_B,Bandages,3.53,2.34,1.19,1.19,False
Hospital_Y,Vendor_A,Masks,2.8,1.42,1.38,1.38,False
Hospital_Y,Vendor_A,IV Kits,62.06,38.73,23.330000000000005,23.330000000000005,False
Hospital_Y,Vendor_B,Masks,2.3,1.72,0.5799999999999998,0.5799999999999998,False
Hospital_Z,Vendor_A,IV Kits,42.24,47.37,-5.1299999999999955,0.0,True
Hospital_X,Vendor_B,IV Kits,47.04,43.85,3.1899999999999977,3.1899999999999977,False
Hospital_Y,Vendor_C,Bandages,2.46,2.29,0.16999999999999993,0.16999999999999993,False
Hospital_Z,Vendor_C,Gloves,5.43,4.48,0.9499999999999993,0.9499999999999993,False
Hospital_Y,Vendor_B,Gloves,4.39,4.27,0.1200000000000001,0.1200000000000001,False
Hospital_X,Vendor_B,Gloves,6.61,4.58,2.0300000000000002,2.0300000000000002,False
Hospital_Z,Vendor_C,Masks,2.73,1.4,1.33,1.33,False
Hospital_Y,Vendor_C,Masks,2.35,1.61,0.74,0.74,False
Hospital_X,Vendor_A,Syringes,10.15,9.74,0.41000000000000014,0.41000000000000014,False
Hospital_Y,Vendor_B,Bandages,3.18,2.34,0.8400000000000003,0.8400000000000003,False
Hospital_X,Vendor_A,Gloves,7.16,3.62,3.54,3.54,False
Hospital_Z,Vendor_C,Bandages,2.81,2.87,-0.06000000000000005,0.0,True
Hospital_X,Vendor_C,Syringes,10.41,8.39,2.0199999999999996,2.0199999999999996,False
Hospital_Y,Vendor_C,Gloves,5.04,4.19,0.8499999999999996,0.8499999999999996,False
Hospital_Z,Vendor_B,Bandages,3.43,2.49,0.94,0.94,False
Hospital_X,Vendor_B,Bandages,3.94,2.56,1.38,1.38,False
Hospital_X,Vendor_B,Gloves,5.45,4.6,0.8500000000000005,0.8500000000000005,False
Hospital_Y,Vendor_B,IV Kits,52.4,36.58,15.82,15.82,False
Hospital_X,Vendor_B,Masks,1.9,1.59,0.30999999999999983,0.30999999999999983,False
Hospital_Z,Vendor_B,IV Kits,66.23,43.58,22.650000000000006,22.650000000000006,False
Hospital_X,Vendor_A,IV Kits,54.55,41.43,13.119999999999997,13.119999999999997,False
Hospital_Y,Vendor_C,IV Kits,54.42,46.3,8.120000000000005,8.120000000000005,False
Hospital_Y,Vendor_B,Bandages,3.27,2.88,0.3900000000000001,0.3900000000000001,False
Hospital_Z,Vendor_A,Syringes,8.81,8.82,-0.009999999999999787,0.0,True
Hospital_Z,Vendor_A,Bandages,2.7,2.72,-0.020000000000000018,0.0,True
Hospital_Y,Vendor_A,Bandages,4.28,2.28,2.0000000000000004,2.0000000000000004,False
Hospital_X,Vendor_C,Gloves,6.72,4.42,2.3,2.3,False
Hospital_Z,Vendor_A,IV Kits,56.6,43.41,13.190000000000005,13.190000000000005,False
Hospital_Y,Vendor_C,Bandages,2.93,2.11,0.8200000000000003,0.8200000000000003,False
Hospital_X,Vendor_A,Masks,2.25,1.92,0.33000000000000007,0.33000000000000007,False
Hospital_Z,Vendor_C,Gloves,5.0,4.3,0.7000000000000002,0.7000000000000002,False
Hospital_Z,Vendor_C,Bandages,4.2,2.89,1.31,1.31,False
Hospital_X,Vendor_C,IV Kits,54.34,44.72,9.620000000000005,9.620000000000005,False
Hospital_Y,Vendor_C,Syringes,8.47,9.63,-1.1600000000000001,0.0,True
Hospital_X,Vendor_C,Masks,2.64,1.91,0.7300000000000002,0.7300000000000002,False
Hospital_X,Vendor_A,Masks,1.7,1.63,0.07000000000000006,0.07000000000000006,False
Hospital_Z,Vendor_B,Bandages,2.89,2.95,-0.06000000000000005,0.0,True
Hospital_Z,Vendor_A,Syringes,9.54,8.05,1.4899999999999984,1.4899999999999984,False
Hospital_Y,Vendor_C,IV Kits,53.11,40.54,12.57,12.57,False
Hospital_Z,Vendor_B,IV Kits,64.81,35.13,29.68,29.68,False
Hospital_Y,Vendor_B,IV Kits,69.48,40.6,28.880000000000003,28.880000000000003,False
Hospital_X,Vendor_B,Masks,1.75,1.43,0.32000000000000006,0.32000000000000006,False
Hospital_Y,Vendor_A,Masks,2.37,1.71,0.6600000000000001,0.6600000000000001,False
Hospital_Z,Vendor_A,Syringes,12.7,8.86,3.84,3.84,False
Hospital_Z,Vendor_C,Bandages,3.79,2.41,1.38,1.38,False
Hospital_X,Vendor_B,Bandages,2.94,2.64,0.2999999999999998,0.2999999999999998,False
Hospital_Y,Vendor_B,Bandages,3.62,2.67,0.9500000000000002,0.9500000000000002,False
Hospital_X,Vendor_B,Syringes,13.01,7.81,5.2,5.2,False
Hospital_X,Vendor_A,IV Kits,47.52,41.37,6.150000000000006,6.150000000000006,False
Hospital_Z,Vendor_B,Masks,1.86,1.45,0.41000000000000014,0.41000000000000014,False
Hospital_Z,Vendor_B,Syringes,13.75,8.98,4.77,4.77,False
Hospital_Y,Vendor_B,Gloves,5.87,4.46,1.4100000000000001,1.4100000000000001,False
Hospital_X,Vendor_B,IV Kits,51.36,39.04,12.32,12.32,False
Hospital_Y,Vendor_A,Masks,1.99,1.79,0.19999999999999996,0.19999999999999996,False
Hospital_X,Vendor_C,Syringes,13.7,9.33,4.369999999999999,4.369999999999999,False
Hospital_X,Vendor_B,Masks,2.65,1.49,1.16,1.16,False
Hospital_Z,Vendor_A,Gloves,4.92,4.12,0.7999999999999998,0.7999999999999998,False
Hospital_X,Vendor_C,IV Kits,62.05,47.87,14.18,14.18,False
Hospital_Z,Vendor_B,Gloves,5.8,4.6,1.2000000000000002,1.2000000000000002,False
Hospital_Y,Vendor_B,Bandages,4.17,2.32,1.85,1.85,False
Hospital_Z,Vendor_B,Bandages,4.5,2.39,2.11,2.11,False
Hospital_Y,Vendor_A,IV Kits,40.2,41.99,-1.7899999999999991,0.0,True
Hospital_X,Vendor_A,Bandages,4.42,2.9,1.52,1.52,False
Hospital_Y,Vendor_C,Bandages,3.59,2.38,1.21,1.21,False
Hospital_Y,Vendor_C,Bandages,2.43,2.79,-0.3599999999999999,0.0,True
Hospital_Z,Vendor_A,Syringes,13.86,8.86,5.0,5.0,False
Hospital_X,Vendor_C,IV Kits,70.26,43.8,26.460000000000008,26.460000000000008,False
Hospital_X,Vendor_A,Gloves,6.65,4.16,2.49,2.49,False
Hospital_Z,Vendor_A,Syringes,12.05,8.71,3.34,3.34,False
Hospital_Y,Vendor_B,IV Kits,51.97,42.92,9.049999999999997,9.049999999999997,False
Hospital_Z,Vendor_A,IV Kits,55.51,42.41,13.100000000000001,13.100000000000001,False
Hospital_Y,Vendor_B,Gloves,6.08,3.58,2.5,2.5,False
Hospital_Y,Vendor_A,IV Kits,52.69,47.95,4.739999999999995,4.739999999999995,False
Hospital_X,Vendor_A,IV Kits,41.9,44.66,-2.759999999999998,0.0,True
Hospital_Y,Vendor_A,Gloves,4.96,3.73,1.23,1.23,False
Hospital_Z,Vendor_A,Masks,1.89,1.43,0.45999999999999996,0.45999999999999996,False
Hospital_X,Vendor_C,Syringes,13.86,7.51,6.35,6.35,False
Hospital_X,Vendor_B,Masks,2.45,1.82,0.6300000000000001,0.6300000000000001,False
Hospital_Y,Vendor_B,Masks,2.87,1.78,1.09,1.09,False
Hospital_X,Vendor_B,Syringes,9.08,8.72,0.35999999999999943,0.35999999999999943,False
Hospital_Y,Vendor_B,Syringes,13.18,7.28,5.8999999999999995,5.8999999999999995,False
Hospital_X,Vendor_B,IV Kits,54.82,36.27,18.549999999999997,18.549999999999997,False
Hospital_Y,Vendor_C,Masks,2.52,1.53,0.99,0.99,False
Hospital_Z,Vendor_C,Bandages,3.84,2.44,1.4,1.4,False
Hospital_Z,Vendor_C,Gloves,4.11,4.85,-0.7399999999999993,0.0,True
Hospital_Z,Vendor_C,Gloves,6.72,3.69,3.03,3.03,False
Hospital_X,Vendor_C,Masks,2.97,1.89,1.0800000000000003,1.0800000000000003,False
Hospital_X,Vendor_B,Syringes,8.6,8.16,0.4399999999999995,0.4399999999999995,False
Hospital_Y,Vendor_C,Syringes,9.61,8.41,1.1999999999999993,1.1999999999999993,False
Hospital_X,Vendor_C,Syringes,11.71,9.96,1.75,1.75,False
Hospital_Z,Vendor_C,Gloves,5.14,3.95,1.1899999999999995,1.1899999999999995,False
Hospital_Z,Vendor_B,Masks,2.11,1.61,0.4999999999999998,0.4999999999999998,False
Hospital_Y,Vendor_A,Bandages,4.1,2.23,1.8699999999999997,1.8699999999999997,False
Hospital_Z,Vendor_C,Syringes,12.95,8.85,4.1,4.1,False
Hospital_Y,Vendor_B,Bandages,3.46,2.23,1.23,1.23,False
Hospital_Z,Vendor_B,IV Kits,42.88,41.89,0.990000000000002,0.990000000000002,False
Hospital_Z,Vendor_A,Syringes,8.4,8.26,0.14000000000000057,0.14000000000000057,False
Hospital_X,Vendor_B,Gloves,5.21,4.32,0.8899999999999997,0.8899999999999997,False
Hospital_Z,Vendor_A,Masks,1.88,1.43,0.44999999999999996,0.44999999999999996,False
Hospital_X,Vendor_A,Bandages,4.37,2.11,2.2600000000000002,2.2600000000000002,False
Hospital_X,Vendor_B,Bandages,3.96,2.54,1.42,1.42,False
Hospital_Z,Vendor_B,Masks,2.52,1.47,1.05,1.05,False
Hospital_Z,Vendor_C,Syringes,11.18,9.29,1.8900000000000006,1.8900000000000006,False
Hospital_X,Vendor_A,Bandages,4.12,2.56,1.56,1.56,False
Hospital_Y,Vendor_A,Bandages,4.23,2.46,1.7700000000000005,1.7700000000000005,False
Hospital_X,Vendor_C,Masks,2.64,1.57,1.07,1.07,False
Hospital_Y,Vendor_A,Masks,2.8,1.69,1.1099999999999999,1.1099999999999999,False
Hospital_X,Vendor_B,Syringes,12.04,8.68,3.3599999999999994,3.3599999999999994,False
Hospital_Y,Vendor_B,Gloves,4.88,4.91,-0.03000000000000025,0.0,True
Hospital_Z,Vendor_A,IV Kits,69.58,46.94,22.64,22.64,False
Hospital_Z,Vendor_A,Masks,1.91,1.53,0.3799999999999999,0.3799999999999999,False
Hospital_Z,Vendor_C,Syringes,9.84,7.0,2.84,2.84,False
Hospital_X,Vendor_B,Syringes,12.39,9.25,3.1400000000000006,3.1400000000000006,False
Hospital_X,Vendor_A,Masks,2.09,1.46,0.6299999999999999,0.6299999999999999,False
Hospital_Z,Vendor_B,Syringes,8.28,7.87,0.40999999999999925,0.40999999999999925,False
Hospital_Z,Vendor_B,IV Kits,71.8,42.02,29.779999999999994,29.779999999999994,False
Hospital_X,Vendor_A,Gloves,4.54,4.23,0.3099999999999996,0.3099999999999996,False
Hospital_X,Vendor_C,Syringes,12.93,9.81,3.119999999999999,3.119999999999999,False
Hospital_Y,Vendor_A,Syringes,13.79,7.51,6.279999999999999,6.279999999999999,False
Hospital_X,Vendor_B,Bandages,2.5,2.68,-0.18000000000000016,0.0,True
Hospital_X,Vendor_C,IV Kits,56.39,46.6,9.79,9.79,False
Hospital_Y,Vendor_C,Bandages,3.56,2.49,1.0699999999999998,1.0699999999999998,False
Hospital_Z,Vendor_C,Gloves,5.57,3.86,1.7100000000000004,1.7100000000000004,False
Hospital_X,Vendor_A,Masks,1.76,1.76,0.0,0.0,True
Hospital_X,Vendor_B,IV Kits,61.38,38.0,23.380000000000003,23.380000000000003,False
Hospital_Z,Vendor_C,IV Kits,44.39,46.59,-2.200000000000003,0.0,True
Hospital_X,Vendor_A,Syringes,11.96,9.79,2.1700000000000017,2.1700000000000017,False
Hospital_X,Vendor_B,Syringes,13.25,8.29,4.960000000000001,4.960000000000001,False
Hospital_Z,Vendor_A,Gloves,5.47,3.94,1.5299999999999998,1.5299999999999998,False
Hospital_Y,Vendor_C,Bandages,3.8,2.94,0.8599999999999999,0.8599999999999999,False
Hospital_X,Vendor_C,Masks,2.51,1.52,0.9899999999999998,0.9899999999999998,False
Hospital_Y,Vendor_B,Masks,2.93,1.93,1.0000000000000002,1.0000000000000002,False
Hospital_Y,Vendor_B,Masks,2.88,1.6,1.2799999999999998,1.2799999999999998,False
Hospital_X,Vendor_B,Bandages,3.88,2.66,1.2199999999999998,1.2199999999999998,False
Hospital_Z,Vendor_B,IV Kits,44.98,39.7,5.279999999999994,5.279999999999994,False
Hospital_Y,Vendor_A,Masks,2.08,1.9,0.18000000000000016,0.18000000000000016,False
Hospital_Y,Vendor_B,Masks,1.69,1.46,0.22999999999999998,0.22999999999999998,False
Hospital_Z,Vendor_C,Masks,2.96,1.67,1.29,1.29,False
Hospital_Y,Vendor_C,Syringes,8.04,7.18,0.8599999999999994,0.8599999999999994,False
Hospital_Y,Vendor_B,Gloves,4.62,3.94,0.6800000000000002,0.6800000000000002,False
Hospital_Z,Vendor_B,IV Kits,41.95,35.1,6.850000000000001,6.850000000000001,False
Hospital_X,Vendor_A,Masks,1.95,1.83,0.11999999999999988,0.11999999999999988,False
Hospital_Z,Vendor_C,Syringes,10.09,7.32,2.7699999999999996,2.7699999999999996,False
Hospital_Y,Vendor_B,Gloves,7.29,4.41,2.88,2.88,False
Hospital_Y,Vendor_A,Masks,1.84,1.69,0.15000000000000013,0.15000000000000013,False
Hospital_X,Vendor_B,Masks,2.29,1.58,0.71,0.71,False
Hospital_Y,Vendor_C,Masks,2.49,1.75,0.7400000000000002,0.7400000000000002,False
Hospital_Y,Vendor_A,Syringes,14.32,8.03,6.290000000000001,6.290000000000001,False
Hospital_Y,Vendor_C,Masks,1.75,1.92,-0.16999999999999993,0.0,True
Hospital_Y,Vendor_B,IV Kits,51.44,35.16,16.28,16.28,False
Hospital_X,Vendor_A,IV Kits,43.46,36.13,7.329999999999998,7.329999999999998,False
Hospital_X,Vendor_C,Bandages,3.63,2.3,1.33,1.33,False
Hospital_X,Vendor_B,IV Kits,64.49,44.25,20.239999999999995,20.239999999999995,False
Hospital_Y,Vendor_C,IV Kits,67.63,46.22,21.409999999999997,21.409999999999997,False
Hospital_Y,Vendor_A,Bandages,3.29,2.81,0.48,0.48,False
Hospital_Z,Vendor_A,Syringes,9.01,7.35,1.6600000000000001,1.6600000000000001,False
Hospital_Z,Vendor_A,Gloves,4.76,4.98,-0.22000000000000064,0.0,True
Hospital_X,Vendor_A,Gloves,6.02,4.04,1.9799999999999995,1.9799999999999995,False
Hospital_X,Vendor_C,Bandages,2.56,2.91,-0.3500000000000001,0.0,True
Hospital_Y,Vendor_A,Gloves,4.73,3.63,1.1000000000000005,1.1000000000000005,False
Hospital_X,Vendor_B,Gloves,6.94,3.83,3.1100000000000003,3.1100000000000003,False
Hospital_Y,Vendor_C,Bandages,4.0,2.8,1.2000000000000002,1.2000000000000002,False
Hospital_Y,Vendor_C,Bandages,3.83,2.17,1.6600000000000001,1.6600000000000001,False
Hospital_Y,Vendor_B,Gloves,7.28,3.97,3.31,3.31,False
Hospital_Y,Vendor_B,IV Kits,51.62,48.92,2.6999999999999957,2.6999999999999957,False
Hospital_Z,Vendor_C,Bandages,3.48,2.8,0.6800000000000002,0.6800000000000002,False
Hospital_X,Vendor_C,Masks,2.51,1.54,0.9699999999999998,0.9699999999999998,False
Hospital_X,Vendor_B,IV Kits,55.34,48.49,6.850000000000001,6.850000000000001,False
Hospital_Z,Vendor_A,Syringes,10.48,8.24,2.24,2.24,False
Hospital_X,Vendor_B,Syringes,8.49,8.19,0.3000000000000007,0.3000000000000007,False
Hospital_Y,Vendor_C,Masks,1.82,1.53,0.29000000000000004,0.29000000000000004,False
Hospital_Z,Vendor_B,Bandages,2.6,2.39,0.20999999999999996,0.20999999999999996,False
Hospital_X,Vendor_C,IV Kits,50.96,47.55,3.4100000000000037,3.4100000000000037,False
Hospital_Z,Vendor_C,Masks,2.49,1.78,0.7100000000000002,0.7100000000000002,False
Hospital_Y,Vendor_B,IV Kits,51.02,35.65,15.370000000000005,15.370000000000005,False
Hospital_Z,Vendor_A,Bandages,3.94,2.84,1.1,1.1,False
Hospital_X,Vendor_C,Bandages,2.42,2.95,-0.5300000000000002,0.0,True
Hospital_X,Vendor_B,Bandages,4.32,2.33,1.9900000000000002,1.9900000000000002,False
Hospital_Y,Vendor_C,Syringes,11.6,7.93,3.67,3.67,False
Hospital_Z,Vendor_B,Masks,2.38,1.9,0.48,0.48,False
Hospital_Z,Vendor_A,IV Kits,53.83,45.93,7.899999999999999,7.899999999999999,False
Hospital_Y,Vendor_B,Bandages,3.33,2.22,1.1099999999999999,1.1099999999999999,False
Hospital_Z,Vendor_A,IV Kits,67.31,49.96,17.35,17.35,False
Hospital_Y,Vendor_C,Masks,2.56,1.47,1.09,1.09,False
Hospital_Z,Vendor_A,Gloves,4.23,4.83,-0.5999999999999996,0.0,True
Hospital_Z,Vendor_C,Bandages,3.28,2.24,1.0399999999999996,1.0399999999999996,False
Hospital_X,Vendor_C,Bandages,4.07,2.75,1.3200000000000003,1.3200000000000003,False
Hospital_Z,Vendor_B,Syringes,13.63,7.16,6.470000000000001,6.470000000000001,False
Hospital_Y,Vendor_B,IV Kits,48.18,35.36,12.82,12.82,False
Hospital_X,Vendor_B,Bandages,3.04,2.34,0.7000000000000002,0.7000000000000002,False
Hospital_Y,Vendor_A,Syringes,14.49,7.64,6.8500000000000005,6.8500000000000005,False
Hospital_Y,Vendor_C,Gloves,7.0,4.6,2.4000000000000004,2.4000000000000004,False
Hospital_Z,Vendor_C,Gloves,4.87,4.55,0.3200000000000003,0.3200000000000003,False
Hospital_Z,Vendor_A,Masks,1.61,1.44,0.17000000000000015,0.17000000000000015,False
Hospital_Z,Vendor_C,IV Kits,49.5,48.56,0.9399999999999977,0.9399999999999977,False
Hospital_Y,Vendor_A,Masks,1.83,1.53,0.30000000000000004,0.30000000000000004,False
Hospital_X,Vendor_A,Gloves,4.31,3.79,0.5199999999999996,0.5199999999999996,False
Hospital_X,Vendor_C,Bandages,2.58,2.29,0.29000000000000004,0.29000000000000004,False
Hospital_X,Vendor_C,Syringes,14.09,9.28,4.8100000000000005,4.8100000000000005,False
Hospital_Z,Vendor_C,Bandages,3.23,2.58,0.6499999999999999,0.6499999999999999,False
Hospital_Y,Vendor_A,IV Kits,47.3,39.45,7.849999999999994,7.849999999999994,False
Hospital_X,Vendor_A,Masks,1.98,1.62,0.3599999999999999,0.3599999999999999,False
Hospital_Y,Vendor_A,Syringes,8.24,8.18,0.0600000000000005,0.0600000000000005,False
Hospital_Z,Vendor_A,Syringes,12.49,7.78,4.71,4.71,False
Hospital_X,Vendor_C,Masks,1.92,1.65,0.27,0.27,False
Hospital_Z,Vendor_C,Masks,2.76,1.8,0.9599999999999997,0.9599999999999997,False
Hospital_Y,Vendor_B,Masks,1.66,1.79,-0.13000000000000012,0.0,True
Hospital_Y,Vendor_A,IV Kits,63.49,39.06,24.43,24.43,False
Hospital_Y,Vendor_A,Syringes,11.11,8.51,2.5999999999999996,2.5999999999999996,False
Hospital_Y,Vendor_C,Masks,2.71,1.8,0.9099999999999999,0.9099999999999999,False
Hospital_X,Vendor_A,Gloves,6.23,4.98,1.25,1.25,False
Hospital_Y,Vendor_C,Syringes,10.99,7.99,3.0,3.0,False
Hospital_Z,Vendor_B,Gloves,7.27,4.53,2.7399999999999993,2.7399999999999993,False
Hospital_Z,Vendor_C,Gloves,4.35,4.4,-0.05000000000000071,0.0,True
Hospital_X,Vendor_C,Syringes,14.23,9.98,4.25,4.25,False
Hospital_X,Vendor_C,Gloves,6.68,3.88,2.8,2.8,False
Hospital_Y,Vendor_C,Masks,2.0,1.46,0.54,0.54,False
Hospital_Z,Vendor_A,IV Kits,51.35,45.15,6.200000000000003,6.200000000000003,False
Hospital_Y,Vendor_B,Gloves,6.68,3.51,3.17,3.17,False
Hospital_X,Vendor_B,Masks,1.63,1.68,-0.050000000000000044,0.0,True
Hospital_X,Vendor_A,Syringes,12.63,8.96,3.67,3.67,False
Hospital_X,Vendor_B,Bandages,3.67,2.86,0.81,0.81,False
Hospital_X,Vendor_C,IV Kits,74.89,37.75,37.14,37.14,False
Hospital_X,Vendor_B,Gloves,5.63,3.52,2.11,2.11,False
Hospital_Z,Vendor_B,Gloves,6.21,4.14,2.0700000000000003,2.0700000000000003,False
Hospital_Z,Vendor_B,Masks,2.49,1.88,0.6100000000000003,0.6100000000000003,False
Hospital_Z,Vendor_A,Syringes,14.23,8.73,5.5,5.5,False
Hospital_X,Vendor_C,Bandages,2.55,2.18,0.36999999999999966,0.36999999999999966,False
Hospital_Y,Vendor_B,Syringes,14.42,8.22,6.199999999999999,6.199999999999999,False
Hospital_Y,Vendor_A,Masks,2.34,1.82,0.5199999999999998,0.5199999999999998,False
Hospital_X,Vendor_A,Masks,2.77,1.77,1.0,1.0,False
Hospital_X,Vendor_C,IV Kits,49.52,38.27,11.25,11.25,False
Hospital_Z,Vendor_A,Masks,2.43,1.41,1.0200000000000002,1.0200000000000002,False
Hospital_X,Vendor_A,Masks,2.77,1.48,1.29,1.29,False
Hospital_X,Vendor_A,Masks,2.24,1.7,0.5400000000000003,0.5400000000000003,False
Hospital_Z,Vendor_A,Bandages,3.24,2.76,0.4800000000000004,0.4800000000000004,False
